DATASET	N_CONFS	ISOMERIC_SMILES	NONISOMERIC_SMILES
gen2-torsion	24	BrCCc1nnn[nH]1	BrCCc1nnn[nH]1
gen2-torsion	24	BrCCc1nnn[nH]1	BrCCc1nnn[nH]1
gen2-torsion	48	BrCCc1nnn[nH]1	BrCCc1nnn[nH]1
gen2-torsion	11	BrCCc1nnn[nH]1	BrCCc1nnn[nH]1
gen2-torsion	11	C#Cc1ccccc1	C#Cc1ccccc1
gen2	7	C#Cc1ccccc1	C#Cc1ccccc1
gen2-torsion	24	C/C(=N\NC(N)=O)C1=CC(C)(C)CCC1	CC(=NNC(N)=O)C1=CC(C)(C)CCC1
gen2-torsion	24	C/C(=N\NC(N)=O)C1=CC(C)(C)CCC1	CC(=NNC(N)=O)C1=CC(C)(C)CCC1
gen2-torsion	24	C/C=C(/C)CC	CC=C(C)CC
gen2-torsion	24	C/C=C(/C)CC	CC=C(C)CC
gen2	80	C1=CC(c2cccc3nonc23)C=CN1	C1=CC(c2cccc3nonc23)C=CN1
gen2-torsion	14	C1=CC(c2cccc3nonc23)C=CN1	C1=CC(c2cccc3nonc23)C=CN1
gen2-torsion	48	C1=CNC(COc2ccccc2)=NC1	C1=CNC(COc2ccccc2)=NC1
gen2-torsion	13	C1=CNC(COc2ccccc2)=NC1	C1=CNC(COc2ccccc2)=NC1
gen2-torsion	48	C1=CNC(COc2ccccc2)=NC1	C1=CNC(COc2ccccc2)=NC1
gen2	99	C1=CNC(COc2ccccc2)=NC1	C1=CNC(COc2ccccc2)=NC1
gen2-torsion	48	C=C(C)C1(CON)CC1	C=C(C)C1(CON)CC1
gen2-torsion	24	C=C(C)C1(CON)CC1	C=C(C)C1(CON)CC1
gen2-torsion	24	C=C(C)C1(CON)CC1	C=C(C)C1(CON)CC1
gen2	1785	C=C(OP(=O)(O)O)C(=O)O	C=C(OP(=O)(O)O)C(=O)O
gen2-torsion	48	C=C(OP(=O)(O)O)C(=O)O	C=C(OP(=O)(O)O)C(=O)O
gen2-torsion	24	C=C(OP(=O)(O)O)C(=O)O	C=C(OP(=O)(O)O)C(=O)O
gen2	126	C=C[C@H](N)c1sccc1C	C=CC(N)c1sccc1C
gen2-torsion	24	C=C[C@H](N)c1sccc1C	C=CC(N)c1sccc1C
gen2-torsion	48	C=NNC(=S)NC	C=NNC(=S)NC
gen2	24	C=NNC(=S)NC	C=NNC(=S)NC
gen2-torsion	24	C=NNC(=S)NC	C=NNC(=S)NC
gen2-torsion	24	C=S(=C)(C)c1ccc(C(C)=O)cc1	C=S(=C)(C)c1ccc(C(C)=O)cc1
gen2-torsion	48	C=S(=C)(C)c1ccc(C(C)=O)cc1	C=S(=C)(C)c1ccc(C(C)=O)cc1
gen2	299	CC(=O)N(c1ccccn1)c1ccccn1	CC(=O)N(c1ccccn1)c1ccccn1
gen2-torsion	24	CC(=O)N(c1ccccn1)c1ccccn1	CC(=O)N(c1ccccn1)c1ccccn1
gen2-torsion	48	CC(=O)NC1(c2nccn2C)CC1	CC(=O)NC1(c2nccn2C)CC1
gen2-torsion	48	CC(=O)NC1(c2nccn2C)CC1	CC(=O)NC1(c2nccn2C)CC1
gen2-torsion	48	CC(=O)NC[C@@H](O)c1ccccc1	CC(=O)NCC(O)c1ccccc1
gen2	374	CC(=O)NC[C@@H](O)c1ccccc1	CC(=O)NCC(O)c1ccccc1
gen2-torsion	24	CC(=O)N[C@@H](C)C(=O)N(C)C	CC(=O)NC(C)C(=O)N(C)C
gen2	303	CC(=O)N[C@@H](C)C(=O)N(C)C	CC(=O)NC(C)C(=O)N(C)C
gen2	477	CC(=O)N[C@H](C)CN1CCN(C)CC1	CC(=O)NC(C)CN1CCN(C)CC1
gen2-torsion	24	CC(=O)N[C@H](C)CN1CCN(C)CC1	CC(=O)NC(C)CN1CCN(C)CC1
gen2-torsion	48	CC(=O)N[C@H](C)CN1CCN(C)CC1	CC(=O)NC(C)CN1CCN(C)CC1
gen2-torsion	24	CC(=O)N[C@H](CO)[C@@H](O)c1ccccc1	CC(=O)NC(CO)C(O)c1ccccc1
gen2-torsion	48	CC(=O)N[C@H](CO)[C@@H](O)c1ccccc1	CC(=O)NC(CO)C(O)c1ccccc1
gen2	1030	CC(=O)N[C@H](CO)[C@@H](O)c1ccccc1	CC(=O)NC(CO)C(O)c1ccccc1
gen2-torsion	48	CC(=O)Nc1ccccn1	CC(=O)Nc1ccccn1
gen2	57	CC(=O)Nc1ccccn1	CC(=O)Nc1ccccn1
gen2	57	CC(=O)Nc1cccnn1	CC(=O)Nc1cccnn1
gen2-torsion	11	CC(=O)Nc1cccnn1	CC(=O)Nc1cccnn1
gen2-torsion	48	CC(=O)OO	CC(=O)OO
gen2-torsion	24	CC(=O)OO	CC(=O)OO
gen2-torsion	48	CC(=O)OO	CC(=O)OO
gen2	17	CC(=O)OO	CC(=O)OO
spice-des-monomers	50	CC(=O)[O-]	CC(=O)[O-]
gen2-torsion	24	CC(=O)[O-]	CC(=O)[O-]
gen2	49	CC(=O)c1ccccc1O	CC(=O)c1ccccc1O
gen2-torsion	24	CC(=O)c1ccccc1O	CC(=O)c1ccccc1O
gen2-torsion	24	CC(=O)c1ccccc1O	CC(=O)c1ccccc1O
gen2-torsion	48	CC(C)(C#N)/N=N/C(N)=O	CC(C)(C#N)N=NC(N)=O
gen2-torsion	24	CC(C)(C#N)/N=N/C(N)=O	CC(C)(C#N)N=NC(N)=O
gen2-torsion	24	CC(C)(C#N)/N=N/C(N)=O	CC(C)(C#N)N=NC(N)=O
gen2	573	CC(C)(C)NS(=O)(=O)c1cc(C2CC2)ccc1C(=O)O	CC(C)(C)NS(=O)(=O)c1cc(C2CC2)ccc1C(=O)O
gen2-torsion	24	CC(C)(C)NS(=O)(=O)c1cc(C2CC2)ccc1C(=O)O	CC(C)(C)NS(=O)(=O)c1cc(C2CC2)ccc1C(=O)O
gen2-torsion	24	CC(C)(C)OC(=O)N([C@@]1(C(=O)OC(C)(C)C)COC[C@H]1F)S(=O)(=O)O	CC(C)(C)OC(=O)N(C1(C(=O)OC(C)(C)C)COCC1F)S(=O)(=O)O
gen2-torsion	24	CC(C)(C)OC(=O)N([C@@]1(C(=O)OC(C)(C)C)COC[C@H]1F)S(=O)(=O)O	CC(C)(C)OC(=O)N(C1(C(=O)OC(C)(C)C)COCC1F)S(=O)(=O)O
gen2-torsion	24	CC(C)C(=O)NNC=O	CC(C)C(=O)NNC=O
gen2-torsion	48	CC(C)C(=O)NNC=O	CC(C)C(=O)NNC=O
gen2-torsion	24	CC(C)COC(=O)n1/c(=N\C(=O)N(C)C)sc2ccccc21	CC(C)COC(=O)n1c(=NC(=O)N(C)C)sc2ccccc21
gen2-torsion	24	CC(C)COC(=O)n1/c(=N\C(=O)N(C)C)sc2ccccc21	CC(C)COC(=O)n1c(=NC(=O)N(C)C)sc2ccccc21
gen2-torsion	24	CC(C)N(C)c1c(F)cncc1F	CC(C)N(C)c1c(F)cncc1F
gen2-torsion	24	CC(C)N(C)c1c(F)cncc1F	CC(C)N(C)c1c(F)cncc1F
gen2	23	CC(C)S(=O)(=O)Br	CC(C)S(=O)(=O)Br
gen2-torsion	48	CC(C)S(=O)(=O)Br	CC(C)S(=O)(=O)Br
gen2	51	CC(C)S(=O)(=O)c1cccs1	CC(C)S(=O)(=O)c1cccs1
gen2-torsion	7	CC(C)S(=O)(=O)c1cccs1	CC(C)S(=O)(=O)c1cccs1
gen2-torsion	13	CC(C)[C@@H](C)N1CC[C@H](c2ccc([C@@H]3CCN([C@@H](C)C(C)C)O3)cc2)O1	CC(C)C(C)N1CCC(c2ccc(C3CCN(C(C)C(C)C)O3)cc2)O1
gen2	253	CC(C)[C@@H](C)N1CC[C@H](c2ccc([C@@H]3CCN([C@@H](C)C(C)C)O3)cc2)O1	CC(C)C(C)N1CCC(c2ccc(C3CCN(C(C)C(C)C)O3)cc2)O1
gen2-torsion	24	CC(C)[C@@]1(O)CN(C(=O)C(C)(C)N)C[C@@H]1C	CC(C)C1(O)CN(C(=O)C(C)(C)N)CC1C
gen2-torsion	48	CC(C)[C@@]1(O)CN(C(=O)C(C)(C)N)C[C@@H]1C	CC(C)C1(O)CN(C(=O)C(C)(C)N)CC1C
gen2-torsion	24	CC(C)c1ccc2[nH]c(C(=O)O)cc2c1	CC(C)c1ccc2[nH]c(C(=O)O)cc2c1
gen2-torsion	24	CC(C)c1ccc2[nH]c(C(=O)O)cc2c1	CC(C)c1ccc2[nH]c(C(=O)O)cc2c1
gen2-torsion	7	CC(C)c1nccs1	CC(C)c1nccs1
gen2-torsion	48	CC(C)c1nccs1	CC(C)c1nccs1
gen2-torsion	24	CC(C)c1ncnc(O)c1Br	CC(C)c1ncnc(O)c1Br
gen2-torsion	9	CC(C)c1ncnc(O)c1Br	CC(C)c1ncnc(O)c1Br
gen2-torsion	24	CC(C)c1ncnc(O)c1Br	CC(C)c1ncnc(O)c1Br
gen2-torsion	13	CC(C)c1ncnc(O)c1Br	CC(C)c1ncnc(O)c1Br
gen2-torsion	24	CC1(C)C[C@]1(C(N)=O)C(=O)O	CC1(C)CC1(C(N)=O)C(=O)O
gen2-torsion	48	CC1(C)C[C@]1(C(N)=O)C(=O)O	CC1(C)CC1(C(N)=O)C(=O)O
gen2-torsion	24	CC1(C)C[C@]1(C(N)=O)C(=O)O	CC1(C)CC1(C(N)=O)C(=O)O
gen2-torsion	10	CC1(C)C[C@]1(C(N)=O)C(=O)O	CC1(C)CC1(C(N)=O)C(=O)O
gen2	142	CC1(C)C[C@]1(C(N)=O)C(=O)O	CC1(C)CC1(C(N)=O)C(=O)O
gen2-torsion	48	CC1(C)OC(=O)C(C(=O)C2CC2)C(=O)O1	CC1(C)OC(=O)C(C(=O)C2CC2)C(=O)O1
gen2-torsion	24	CC1(C)OC(=O)C(C(=O)C2CC2)C(=O)O1	CC1(C)OC(=O)C(C(=O)C2CC2)C(=O)O1
gen2-torsion	24	CC1(C)OC2(CCNCC2)c2ccccc21	CC1(C)OC2(CCNCC2)c2ccccc21
gen2	14	CC1(C)OC2(CCNCC2)c2ccccc21	CC1(C)OC2(CCNCC2)c2ccccc21
gen2-torsion	15	CC1(C)OOC(=O)C1(C)C	CC1(C)OOC(=O)C1(C)C
gen2-torsion	24	CC1(C)OOC(=O)C1(C)C	CC1(C)OOC(=O)C1(C)C
gen2-torsion	24	CC1(c2cc(Cl)ccn2)CC1	CC1(c2cc(Cl)ccn2)CC1
gen2	60	CC1(c2cc(Cl)ccn2)CC1	CC1(c2cc(Cl)ccn2)CC1
gen2-torsion	24	CC1(c2ccccc2)CCC1	CC1(c2ccccc2)CCC1
gen2	12	CC1(c2ccccc2)CCC1	CC1(c2ccccc2)CCC1
gen2	309	CC1(c2ncc(Br)cc2CNC2CC2)CC1	CC1(c2ncc(Br)cc2CNC2CC2)CC1
gen2-torsion	48	CC1(c2ncc(Br)cc2CNC2CC2)CC1	CC1(c2ncc(Br)cc2CNC2CC2)CC1
gen2-torsion	48	CC1(c2ncc(Br)cc2CNC2CC2)CC1	CC1(c2ncc(Br)cc2CNC2CC2)CC1
gen2-torsion	11	CC1=C/C(=N\OC(=O)c2ccccc2F)CC(C)(C)C1	CC1=CC(=NOC(=O)c2ccccc2F)CC(C)(C)C1
gen2-torsion	24	CC1=C/C(=N\OC(=O)c2ccccc2F)CC(C)(C)C1	CC1=CC(=NOC(=O)c2ccccc2F)CC(C)(C)C1
spice-des-monomers	50	CCC(=O)NC	CCC(=O)NC
gen2	27	CCC(=O)NC	CCC(=O)NC
gen2-torsion	48	CCC1(C)COC1	CCC1(C)COC1
gen2-torsion	24	CCC1(C)COC1	CCC1(C)COC1
gen2-torsion	24	CCC1(CC)Oc2ccccc2C(=O)C1(CCS(C)(=O)=O)CCS(C)(=O)=O	CCC1(CC)Oc2ccccc2C(=O)C1(CCS(C)(=O)=O)CCS(C)(=O)=O
gen2-torsion	24	CCC1(CC)Oc2ccccc2C(=O)C1(CCS(C)(=O)=O)CCS(C)(=O)=O	CCC1(CC)Oc2ccccc2C(=O)C1(CCS(C)(=O)=O)CCS(C)(=O)=O
gen2-torsion	24	CCCC	CCCC
spice-des-monomers	50	CCCC	CCCC
gen2-torsion	24	CCCCc1cc2ccccc2c(O)n1	CCCCc1cc2ccccc2c(O)n1
gen2-torsion	24	CCCCc1cc2ccccc2c(O)n1	CCCCc1cc2ccccc2c(O)n1
gen2	141	CCCOc1cc(S)cc(F)c1F	CCCOc1cc(S)cc(F)c1F
gen2-torsion	48	CCCOc1cc(S)cc(F)c1F	CCCOc1cc(S)cc(F)c1F
gen2-torsion	24	CCC[NH+]1CCCC1	CCC[NH+]1CCCC1
gen2-torsion	48	CCC[NH+]1CCCC1	CCC[NH+]1CCCC1
gen2-torsion	24	CCN(C)C(C)=O	CCN(C)C(C)=O
spice-des-monomers	50	CCN(C)C(C)=O	CCN(C)C(C)=O
gen2-torsion	24	CCN(C)C(C)=O	CCN(C)C(C)=O
gen2-torsion	24	CCN(CC)CCNC(=O)c1ccc(N(S(C)(=O)=O)S(C)(=O)=O)cc1OC	CCN(CC)CCNC(=O)c1ccc(N(S(C)(=O)=O)S(C)(=O)=O)cc1OC
gen2-torsion	24	CCN(CC)CCNC(=O)c1ccc(N(S(C)(=O)=O)S(C)(=O)=O)cc1OC	CCN(CC)CCNC(=O)c1ccc(N(S(C)(=O)=O)S(C)(=O)=O)cc1OC
gen2	54	CCN1CCCCS1(=O)=O	CCN1CCCCS1(=O)=O
gen2-torsion	24	CCN1CCCCS1(=O)=O	CCN1CCCCS1(=O)=O
gen2-torsion	24	CCNC(=O)[C@H]1CCCN1C	CCNC(=O)C1CCCN1C
gen2	206	CCNC(=O)[C@H]1CCCN1C	CCNC(=O)C1CCCN1C
gen2-torsion	24	CCO	CCO
gen2-torsion	48	CCO	CCO
gen2-torsion	24	CCO	CCO
spice-des-monomers	50	CCO	CCO
gen2	445	CCOC(=O)CSc1nc2ccc(N3C[C@H](CNC(C)=O)OC3=O)cc2o1	CCOC(=O)CSc1nc2ccc(N3CC(CNC(C)=O)OC3=O)cc2o1
gen2-torsion	24	CCOC(=O)CSc1nc2ccc(N3C[C@H](CNC(C)=O)OC3=O)cc2o1	CCOC(=O)CSc1nc2ccc(N3CC(CNC(C)=O)OC3=O)cc2o1
gen2-torsion	24	CCOP(N)(=O)OCC	CCOP(N)(=O)OCC
gen2-torsion	48	CCOP(N)(=O)OCC	CCOP(N)(=O)OCC
gen2-torsion	24	CCOP(N)(=O)OCC	CCOP(N)(=O)OCC
gen2-torsion	24	CCOc1cc(S(=O)(=O)Cl)ccc1C#N	CCOc1cc(S(=O)(=O)Cl)ccc1C#N
gen2	55	CCOc1cc(S(=O)(=O)Cl)ccc1C#N	CCOc1cc(S(=O)(=O)Cl)ccc1C#N
gen2-torsion	24	CCOc1cc(SC)ccc1F	CCOc1cc(SC)ccc1F
gen2	149	CCOc1cc(SC)ccc1F	CCOc1cc(SC)ccc1F
gen2-torsion	48	CCS(=O)(=O)N(C)C	CCS(=O)(=O)N(C)C
gen2	23	CCS(=O)(=O)N(C)C	CCS(=O)(=O)N(C)C
gen2-torsion	24	CCS(=O)(=O)N(C)C	CCS(=O)(=O)N(C)C
gen2-torsion	48	CCS(=O)(=O)n1cc(O)cn1	CCS(=O)(=O)n1cc(O)cn1
gen2-torsion	48	CCS(=O)(=O)n1cc(O)cn1	CCS(=O)(=O)n1cc(O)cn1
gen2-torsion	24	CCS(=O)(=O)n1cc(O)cn1	CCS(=O)(=O)n1cc(O)cn1
gen2	21	CCSc1cccc(C(F)(F)F)c1	CCSc1cccc(C(F)(F)F)c1
gen2-torsion	24	CCSc1cccc(C(F)(F)F)c1	CCSc1cccc(C(F)(F)F)c1
gen2-torsion	48	CC[C@@H](Cl)CCl	CCC(Cl)CCl
gen2-torsion	24	CC[C@@H](Cl)CCl	CCC(Cl)CCl
gen2-torsion	24	CC[C@@H](Cl)CCl	CCC(Cl)CCl
gen2-torsion	24	CC[C@@H]1C[C@@]1(N)c1ccc(OC)nn1	CCC1CC1(N)c1ccc(OC)nn1
gen2-torsion	11	CC[C@@H]1C[C@@]1(N)c1ccc(OC)nn1	CCC1CC1(N)c1ccc(OC)nn1
gen2-torsion	48	CC[C@@H]1C[C@@]1(N)c1ccc(OC)nn1	CCC1CC1(N)c1ccc(OC)nn1
gen2	99	CC[C@@H]1C[C@]1(N)c1ccc(OC)nn1	CCC1CC1(N)c1ccc(OC)nn1
gen2-torsion	48	CC[C@@H]1C[C@]1(N)c1ccc(OC)nn1	CCC1CC1(N)c1ccc(OC)nn1
gen2-torsion	24	CC[C@@H]1C[C@]1(N)c1ccc(OC)nn1	CCC1CC1(N)c1ccc(OC)nn1
gen2-torsion	13	CC[C@@H]1C[C@]1(N)c1ccc(OC)nn1	CCC1CC1(N)c1ccc(OC)nn1
protein-torsion	576	CC[C@H](C)[C@H](NC(C)=O)C(=O)NC	CCC(C)C(NC(C)=O)C(=O)NC
protein-torsion	576	CC[C@H](C)[C@H](NC(C)=O)C(=O)NC	CCC(C)C(NC(C)=O)C(=O)NC
protein-torsion	576	CC[C@H](C)[C@H](NC(C)=O)C(=O)NC	CCC(C)C(NC(C)=O)C(=O)NC
gen2-torsion	24	CC[C@H](C)[C@H]1C(=O)O[C@@H]1C(=O)NCc1ccc(C(C)(C)C)cc1	CCC(C)C1C(=O)OC1C(=O)NCc1ccc(C(C)(C)C)cc1
gen2-torsion	24	CC[C@H](C)[C@H]1C(=O)O[C@@H]1C(=O)NCc1ccc(C(C)(C)C)cc1	CCC(C)C1C(=O)OC1C(=O)NCc1ccc(C(C)(C)C)cc1
gen2-torsion	24	CC[C@H](C)[C@H]1C(=O)O[C@@H]1C(=O)NCc1ccc(C(C)(C)C)cc1	CCC(C)C1C(=O)OC1C(=O)NCc1ccc(C(C)(C)C)cc1
gen2-torsion	11	CC[C@H]1C[C@@]1(N)c1ccc(OC)nn1	CCC1CC1(N)c1ccc(OC)nn1
gen2-torsion	11	CC[C@H]1C[C@@]1(N)c1ccc(OC)nn1	CCC1CC1(N)c1ccc(OC)nn1
gen2-torsion	48	CC[C@H]1C[C@@]1(N)c1ccc(OC)nn1	CCC1CC1(N)c1ccc(OC)nn1
gen2-torsion	24	CC[C@H]1C[C@@]1(N)c1ccc(OC)nn1	CCC1CC1(N)c1ccc(OC)nn1
gen2-torsion	24	CC[C@H]1C[C@@]1(N)c1ccc(OC)nn1	CCC1CC1(N)c1ccc(OC)nn1
gen2-torsion	24	CC[O+]=C(N)N	CC[O+]=C(N)N
gen2-torsion	48	CC[O+]=C(N)N	CC[O+]=C(N)N
gen2-torsion	24	CCc1cc(Br)c(O)c(/N=N/c2ccccc2)c1	CCc1cc(Br)c(O)c(N=Nc2ccccc2)c1
gen2	96	CCc1cc(Br)c(O)c(/N=N/c2ccccc2)c1	CCc1cc(Br)c(O)c(N=Nc2ccccc2)c1
gen2-torsion	48	CCc1ccc(N=S=O)cc1	CCc1ccc(N=S=O)cc1
gen2	37	CCc1ccc(N=S=O)cc1	CCc1ccc(N=S=O)cc1
gen2-torsion	9	CN(C)/C=C\C(=O)c1cnccn1	CN(C)C=CC(=O)c1cnccn1
gen2-torsion	11	CN(C)/C=C\C(=O)c1cnccn1	CN(C)C=CC(=O)c1cnccn1
gen2-torsion	48	CN(C)/C=C\C(=O)c1cnccn1	CN(C)C=CC(=O)c1cnccn1
gen2-torsion	24	CN(C)C(=O)C1(c2ccccc2)CC1	CN(C)C(=O)C1(c2ccccc2)CC1
gen2-torsion	24	CN(C)C(=O)C1(c2ccccc2)CC1	CN(C)C(=O)C1(c2ccccc2)CC1
gen2-torsion	24	CN(C)C(=O)C1(c2ccccc2)CC1	CN(C)C(=O)C1(c2ccccc2)CC1
gen2-torsion	14	CN(C)C(=O)C1=CCNCN1	CN(C)C(=O)C1=CCNCN1
gen2-torsion	24	CN(C)C(=O)C1=CCNCN1	CN(C)C(=O)C1=CCNCN1
gen2-torsion	48	CN(C)C(=O)c1ccnn1-c1ccccc1	CN(C)C(=O)c1ccnn1-c1ccccc1
gen2	180	CN(C)C(=O)c1ccnn1-c1ccccc1	CN(C)C(=O)c1ccnn1-c1ccccc1
gen2	511	CN(C)P(=NC(=S)c1cccn1C)(N(C)C)N(C)C	CN(C)P(=NC(=S)c1cccn1C)(N(C)C)N(C)C
gen2-torsion	48	CN(C)P(=NC(=S)c1cccn1C)(N(C)C)N(C)C	CN(C)P(=NC(=S)c1cccn1C)(N(C)C)N(C)C
gen2-torsion	24	CN(C)P(=NC(=S)c1cccn1C)(N(C)C)N(C)C	CN(C)P(=NC(=S)c1cccn1C)(N(C)C)N(C)C
gen2-torsion	24	CN(C)P(=NC(=S)c1cccn1C)(N(C)C)N(C)C	CN(C)P(=NC(=S)c1cccn1C)(N(C)C)N(C)C
gen2-torsion	24	CN(C)P(=NC(=S)c1cccn1C)(N(C)C)N(C)C	CN(C)P(=NC(=S)c1cccn1C)(N(C)C)N(C)C
gen2-torsion	24	CN(C)P(=NC(=S)c1cccn1C)(N(C)C)N(C)C	CN(C)P(=NC(=S)c1cccn1C)(N(C)C)N(C)C
gen2	121	CN(C)S(=O)(=O)c1ccccc1O	CN(C)S(=O)(=O)c1ccccc1O
gen2-torsion	9	CN(C)S(=O)(=O)c1ccccc1O	CN(C)S(=O)(=O)c1ccccc1O
gen2-torsion	48	CN(C)S(=O)(=O)c1ccccn1	CN(C)S(=O)(=O)c1ccccn1
gen2	100	CN(C)S(=O)(=O)c1ccccn1	CN(C)S(=O)(=O)c1ccccn1
gen2-torsion	13	CN(C)S(=O)(=O)c1ncc[nH]1	CN(C)S(=O)(=O)c1ncc[nH]1
gen2	29	CN(C)S(=O)(=O)c1ncc[nH]1	CN(C)S(=O)(=O)c1ncc[nH]1
gen2-torsion	48	CN(c1ccccc1)S(C)(=O)=O	CN(c1ccccc1)S(C)(=O)=O
gen2-torsion	24	CN(c1ccccc1)S(C)(=O)=O	CN(c1ccccc1)S(C)(=O)=O
gen2-torsion	26	CN1C=N/C(=C\c2ccco2)C1=O	CN1C=NC(=Cc2ccco2)C1=O
gen2	72	CN1C=N/C(=C\c2ccco2)C1=O	CN1C=NC(=Cc2ccco2)C1=O
gen2-torsion	11	CN1C=N/C(=C\c2ccco2)C1=O	CN1C=NC(=Cc2ccco2)C1=O
gen2-torsion	9	CN1C=N/C(=C\c2ccco2)C1=O	CN1C=NC(=Cc2ccco2)C1=O
gen2	184	CN1CC(=O)N=C1NP(=O)(Cl)Cl	CN1CC(=O)N=C1NP(=O)(Cl)Cl
gen2-torsion	48	CN1CC(=O)N=C1NP(=O)(Cl)Cl	CN1CC(=O)N=C1NP(=O)(Cl)Cl
gen2	185	CN1CCC[C@@H](Nc2ncnc3[nH]ccc23)C1	CN1CCCC(Nc2ncnc3[nH]ccc23)C1
gen2-torsion	24	CN1CCC[C@@H](Nc2ncnc3[nH]ccc23)C1	CN1CCCC(Nc2ncnc3[nH]ccc23)C1
gen2	456	CN1CCN(C(=O)Cn2ccccc2=O)CC1	CN1CCN(C(=O)Cn2ccccc2=O)CC1
gen2-torsion	48	CN1CCN(C(=O)Cn2ccccc2=O)CC1	CN1CCN(C(=O)Cn2ccccc2=O)CC1
gen2	93	CN1CCN(c2nc3c(n2C)CNCN3C)CC1	CN1CCN(c2nc3c(n2C)CNCN3C)CC1
gen2-torsion	21	CN1CCN(c2nc3c(n2C)CNCN3C)CC1	CN1CCN(c2nc3c(n2C)CNCN3C)CC1
gen2-torsion	18	CN1CCN(c2nc3ncccc3o2)CC1	CN1CCN(c2nc3ncccc3o2)CC1
gen2	18	CN1CCN(c2nc3ncccc3o2)CC1	CN1CCN(c2nc3ncccc3o2)CC1
gen2	119	CN1CCN(c2ncnc3c2ccn3C)CC1	CN1CCN(c2ncnc3c2ccn3C)CC1
gen2-torsion	15	CN1CCN(c2ncnc3c2ccn3C)CC1	CN1CCN(c2ncnc3c2ccn3C)CC1
gen2-torsion	15	CN1CNC(=O)/C(=C/c2ccccc2)C1=O	CN1CNC(=O)C(=Cc2ccccc2)C1=O
gen2-torsion	15	CN1CNC(=O)/C(=C/c2ccccc2)C1=O	CN1CNC(=O)C(=Cc2ccccc2)C1=O
gen2-torsion	24	CNC(=O)C1(F)CC1	CNC(=O)C1(F)CC1
gen2	57	CNC(=O)C1(F)CC1	CNC(=O)C1(F)CC1
protein-torsion	576	CNC(=O)CNC(C)=O	CNC(=O)CNC(C)=O
spice-des-monomers	50	CNC(=O)CNC(C)=O	CNC(=O)CNC(C)=O
gen2-torsion	48	CNC(=O)COC	CNC(=O)COC
spice-des-monomers	50	CNC(=O)COC	CNC(=O)COC
gen2-torsion	48	CNC(=O)COc1c(C)cccc1C	CNC(=O)COc1c(C)cccc1C
gen2-torsion	24	CNC(=O)COc1c(C)cccc1C	CNC(=O)COc1c(C)cccc1C
gen2-torsion	24	CNC(=O)NC1COC1	CNC(=O)NC1COC1
gen2-torsion	24	CNC(=O)NC1COC1	CNC(=O)NC1COC1
gen2-torsion	48	CNC(=O)[C@@H](N)C(C)C	CNC(=O)C(N)C(C)C
gen2-torsion	24	CNC(=O)[C@@H](N)C(C)C	CNC(=O)C(N)C(C)C
gen2-torsion	48	CNC(=O)[C@@H](N)CCSC	CNC(=O)C(N)CCSC
gen2-torsion	48	CNC(=O)[C@@H](N)CCSC	CNC(=O)C(N)CCSC
gen2-torsion	48	CNC(=O)[C@@H](N)CCSC	CNC(=O)C(N)CCSC
gen2-torsion	48	CNC(=O)[C@@H](N)CCSC	CNC(=O)C(N)CCSC
gen2-torsion	24	CNC(=O)[C@@H](N)CCSC	CNC(=O)C(N)CCSC
gen2	1049	CNC(=O)[C@@H](N)CCSC	CNC(=O)C(N)CCSC
protein-torsion	576	CNC(=O)[C@@H](NC(C)=O)C(C)C	CNC(=O)C(NC(C)=O)C(C)C
protein-torsion	24	CNC(=O)[C@@H](NC(C)=O)C(C)C	CNC(=O)C(NC(C)=O)C(C)C
protein-torsion	24	CNC(=O)[C@@H](NC(C)=O)C(C)C	CNC(=O)C(NC(C)=O)C(C)C
protein-torsion	24	CNC(=O)[C@@H](NC(C)=O)[C@@H](C)O	CNC(=O)C(NC(C)=O)C(C)O
protein-torsion	576	CNC(=O)[C@@H](NC(C)=O)[C@@H](C)O	CNC(=O)C(NC(C)=O)C(C)O
protein-torsion	24	CNC(=O)[C@@H](NC(C)=O)[C@@H](C)O	CNC(=O)C(NC(C)=O)C(C)O
gen2-torsion	24	CNC(=O)[C@H](C)NC(=O)C(C)C	CNC(=O)C(C)NC(=O)C(C)C
gen2	501	CNC(=O)[C@H](C)NC(=O)C(C)C	CNC(=O)C(C)NC(=O)C(C)C
protein-torsion	576	CNC(=O)[C@H](CC(=O)O)NC(C)=O	CNC(=O)C(CC(=O)O)NC(C)=O
protein-torsion	576	CNC(=O)[C@H](CC(=O)O)NC(C)=O	CNC(=O)C(CC(=O)O)NC(C)=O
protein-torsion	576	CNC(=O)[C@H](CC(=O)O)NC(C)=O	CNC(=O)C(CC(=O)O)NC(C)=O
protein-torsion	576	CNC(=O)[C@H](CC(=O)[O-])NC(C)=O	CNC(=O)C(CC(=O)[O-])NC(C)=O
protein-torsion	576	CNC(=O)[C@H](CC(=O)[O-])NC(C)=O	CNC(=O)C(CC(=O)[O-])NC(C)=O
protein-torsion	576	CNC(=O)[C@H](CC(=O)[O-])NC(C)=O	CNC(=O)C(CC(=O)[O-])NC(C)=O
protein-torsion	576	CNC(=O)[C@H](CC(C)C)NC(C)=O	CNC(=O)C(CC(C)C)NC(C)=O
protein-torsion	576	CNC(=O)[C@H](CC(C)C)NC(C)=O	CNC(=O)C(CC(C)C)NC(C)=O
protein-torsion	576	CNC(=O)[C@H](CC(C)C)NC(C)=O	CNC(=O)C(CC(C)C)NC(C)=O
protein-torsion	576	CNC(=O)[C@H](CC(N)=O)NC(C)=O	CNC(=O)C(CC(N)=O)NC(C)=O
protein-torsion	576	CNC(=O)[C@H](CC(N)=O)NC(C)=O	CNC(=O)C(CC(N)=O)NC(C)=O
protein-torsion	576	CNC(=O)[C@H](CC(N)=O)NC(C)=O	CNC(=O)C(CC(N)=O)NC(C)=O
protein-torsion	576	CNC(=O)[C@H](CCC(=O)O)NC(C)=O	CNC(=O)C(CCC(=O)O)NC(C)=O
protein-torsion	576	CNC(=O)[C@H](CCC(=O)O)NC(C)=O	CNC(=O)C(CCC(=O)O)NC(C)=O
protein-torsion	576	CNC(=O)[C@H](CCC(=O)O)NC(C)=O	CNC(=O)C(CCC(=O)O)NC(C)=O
protein-torsion	1133	CNC(=O)[C@H](CCC(=O)[O-])NC(C)=O	CNC(=O)C(CCC(=O)[O-])NC(C)=O
protein-torsion	576	CNC(=O)[C@H](CCC(=O)[O-])NC(C)=O	CNC(=O)C(CCC(=O)[O-])NC(C)=O
protein-torsion	576	CNC(=O)[C@H](CCC(N)=O)NC(C)=O	CNC(=O)C(CCC(N)=O)NC(C)=O
protein-torsion	576	CNC(=O)[C@H](CCC(N)=O)NC(C)=O	CNC(=O)C(CCC(N)=O)NC(C)=O
protein-torsion	576	CNC(=O)[C@H](CCC(N)=O)NC(C)=O	CNC(=O)C(CCC(N)=O)NC(C)=O
protein-torsion	576	CNC(=O)[C@H](CCCCN)NC(C)=O	CNC(=O)C(CCCCN)NC(C)=O
protein-torsion	576	CNC(=O)[C@H](CCCCN)NC(C)=O	CNC(=O)C(CCCCN)NC(C)=O
protein-torsion	576	CNC(=O)[C@H](CCCCN)NC(C)=O	CNC(=O)C(CCCCN)NC(C)=O
protein-torsion	576	CNC(=O)[C@H](CCCC[NH3+])NC(C)=O	CNC(=O)C(CCCC[NH3+])NC(C)=O
protein-torsion	576	CNC(=O)[C@H](CCCC[NH3+])NC(C)=O	CNC(=O)C(CCCC[NH3+])NC(C)=O
protein-torsion	576	CNC(=O)[C@H](CCC[NH+]=C(N)N)NC(C)=O	CNC(=O)C(CCC[NH+]=C(N)N)NC(C)=O
protein-torsion	576	CNC(=O)[C@H](CCC[NH+]=C(N)N)NC(C)=O	CNC(=O)C(CCC[NH+]=C(N)N)NC(C)=O
protein-torsion	576	CNC(=O)[C@H](CCC[NH+]=C(N)N)NC(C)=O	CNC(=O)C(CCC[NH+]=C(N)N)NC(C)=O
protein-torsion	576	CNC(=O)[C@H](CCSC)NC(C)=O	CNC(=O)C(CCSC)NC(C)=O
protein-torsion	576	CNC(=O)[C@H](CCSC)NC(C)=O	CNC(=O)C(CCSC)NC(C)=O
protein-torsion	576	CNC(=O)[C@H](CCSC)NC(C)=O	CNC(=O)C(CCSC)NC(C)=O
protein-torsion	24	CNC(=O)[C@H](CO)NC(C)=O	CNC(=O)C(CO)NC(C)=O
protein-torsion	24	CNC(=O)[C@H](CO)NC(C)=O	CNC(=O)C(CO)NC(C)=O
protein-torsion	576	CNC(=O)[C@H](CO)NC(C)=O	CNC(=O)C(CO)NC(C)=O
protein-torsion	24	CNC(=O)[C@H](CS)NC(C)=O	CNC(=O)C(CS)NC(C)=O
protein-torsion	24	CNC(=O)[C@H](CS)NC(C)=O	CNC(=O)C(CS)NC(C)=O
protein-torsion	576	CNC(=O)[C@H](CS)NC(C)=O	CNC(=O)C(CS)NC(C)=O
protein-torsion	576	CNC(=O)[C@H](CSSC[C@H](NC(C)=O)C(=O)NC)NC(C)=O	CNC(=O)C(CSSCC(NC(C)=O)C(=O)NC)NC(C)=O
protein-torsion	24	CNC(=O)[C@H](CSSC[C@H](NC(C)=O)C(=O)NC)NC(C)=O	CNC(=O)C(CSSCC(NC(C)=O)C(=O)NC)NC(C)=O
protein-torsion	24	CNC(=O)[C@H](CSSC[C@H](NC(C)=O)C(=O)NC)NC(C)=O	CNC(=O)C(CSSCC(NC(C)=O)C(=O)NC)NC(C)=O
spice-dipeptide	31	CNC(=O)[C@H](CSSC[C@H](NC(C)=O)C(=O)NC)NC(C)=O	CNC(=O)C(CSSCC(NC(C)=O)C(=O)NC)NC(C)=O
protein-torsion	576	CNC(=O)[C@H](Cc1c[nH]c2ccccc12)NC(C)=O	CNC(=O)C(Cc1c[nH]c2ccccc12)NC(C)=O
protein-torsion	576	CNC(=O)[C@H](Cc1c[nH]c2ccccc12)NC(C)=O	CNC(=O)C(Cc1c[nH]c2ccccc12)NC(C)=O
protein-torsion	576	CNC(=O)[C@H](Cc1c[nH]c2ccccc12)NC(C)=O	CNC(=O)C(Cc1c[nH]c2ccccc12)NC(C)=O
protein-torsion	576	CNC(=O)[C@H](Cc1c[nH]c[nH+]1)NC(C)=O	CNC(=O)C(Cc1c[nH]c[nH+]1)NC(C)=O
protein-torsion	576	CNC(=O)[C@H](Cc1c[nH]c[nH+]1)NC(C)=O	CNC(=O)C(Cc1c[nH]c[nH+]1)NC(C)=O
protein-torsion	576	CNC(=O)[C@H](Cc1c[nH]c[nH+]1)NC(C)=O	CNC(=O)C(Cc1c[nH]c[nH+]1)NC(C)=O
protein-torsion	576	CNC(=O)[C@H](Cc1c[nH]cn1)NC(C)=O	CNC(=O)C(Cc1c[nH]cn1)NC(C)=O
protein-torsion	576	CNC(=O)[C@H](Cc1c[nH]cn1)NC(C)=O	CNC(=O)C(Cc1c[nH]cn1)NC(C)=O
protein-torsion	576	CNC(=O)[C@H](Cc1c[nH]cn1)NC(C)=O	CNC(=O)C(Cc1c[nH]cn1)NC(C)=O
protein-torsion	576	CNC(=O)[C@H](Cc1ccc(O)cc1)NC(C)=O	CNC(=O)C(Cc1ccc(O)cc1)NC(C)=O
protein-torsion	576	CNC(=O)[C@H](Cc1ccc(O)cc1)NC(C)=O	CNC(=O)C(Cc1ccc(O)cc1)NC(C)=O
protein-torsion	576	CNC(=O)[C@H](Cc1ccc(O)cc1)NC(C)=O	CNC(=O)C(Cc1ccc(O)cc1)NC(C)=O
protein-torsion	576	CNC(=O)[C@H](Cc1ccccc1)NC(C)=O	CNC(=O)C(Cc1ccccc1)NC(C)=O
protein-torsion	576	CNC(=O)[C@H](Cc1ccccc1)NC(C)=O	CNC(=O)C(Cc1ccccc1)NC(C)=O
protein-torsion	576	CNC(=O)[C@H](Cc1ccccc1)NC(C)=O	CNC(=O)C(Cc1ccccc1)NC(C)=O
protein-torsion	576	CNC(=O)[C@H](Cc1cnc[nH]1)NC(C)=O	CNC(=O)C(Cc1cnc[nH]1)NC(C)=O
protein-torsion	576	CNC(=O)[C@H](Cc1cnc[nH]1)NC(C)=O	CNC(=O)C(Cc1cnc[nH]1)NC(C)=O
protein-torsion	576	CNC(=O)[C@H](Cc1cnc[nH]1)NC(C)=O	CNC(=O)C(Cc1cnc[nH]1)NC(C)=O
gen2	1386	CNC(=O)[C@H](c1cccnc1)N(C)C(C)=O	CNC(=O)C(c1cccnc1)N(C)C(C)=O
gen2-torsion	24	CNC(=O)[C@H](c1cccnc1)N(C)C(C)=O	CNC(=O)C(c1cccnc1)N(C)C(C)=O
gen2	94	CNC(=O)c1c(O)cccc1OC	CNC(=O)c1c(O)cccc1OC
gen2-torsion	24	CNC(=O)c1c(O)cccc1OC	CNC(=O)c1c(O)cccc1OC
gen2-torsion	48	CNC(=O)c1c(O)cccc1OC	CNC(=O)c1c(O)cccc1OC
gen2-torsion	24	CNC(=O)c1ccc2ccccc2c1O	CNC(=O)c1ccc2ccccc2c1O
gen2	86	CNC(=O)c1ccc2ccccc2c1O	CNC(=O)c1ccc2ccccc2c1O
gen2	214	CNC(=O)c1nc[nH]c1C(=O)NC	CNC(=O)c1nc[nH]c1C(=O)NC
gen2-torsion	7	CNC(=O)c1nc[nH]c1C(=O)NC	CNC(=O)c1nc[nH]c1C(=O)NC
gen2	130	CNC(=O)n1nnc2ccccc21	CNC(=O)n1nnc2ccccc21
gen2-torsion	15	CNC(=O)n1nnc2ccccc21	CNC(=O)n1nnc2ccccc21
gen2-torsion	48	CNCC(Cl)Cl	CNCC(Cl)Cl
gen2-torsion	48	CNCC(Cl)Cl	CNCC(Cl)Cl
gen2	31	CNN1C[C@@H](C)CS1(=O)=O	CNN1CC(C)CS1(=O)=O
gen2-torsion	24	CNN1C[C@@H](C)CS1(=O)=O	CNN1CC(C)CS1(=O)=O
gen2-torsion	48	CNN1C[C@@H](C)CS1(=O)=O	CNN1CC(C)CS1(=O)=O
gen2-torsion	24	CNS(=O)(=O)c1ccccc1	CNS(=O)(=O)c1ccccc1
gen2-torsion	48	CNS(=O)(=O)c1ccccc1	CNS(=O)(=O)c1ccccc1
gen2-torsion	13	CN[C@@H]1Cc2c[nH]c3cccc(c23)[C@@H]1/C=C(\C)CO	CNC1Cc2c[nH]c3cccc(c23)C1C=C(C)CO
gen2-torsion	24	CN[C@@H]1Cc2c[nH]c3cccc(c23)[C@@H]1/C=C(\C)CO	CNC1Cc2c[nH]c3cccc(c23)C1C=C(C)CO
gen2	21	CNc1c(C)cccc1OC	CNc1c(C)cccc1OC
gen2-torsion	24	CNc1c(C)cccc1OC	CNc1c(C)cccc1OC
gen2-torsion	7	CNc1sccc1C(N)=O	CNc1sccc1C(N)=O
gen2	104	CNc1sccc1C(N)=O	CNc1sccc1C(N)=O
gen2-torsion	24	CO/C=N/c1ccc(F)cc1	COC=Nc1ccc(F)cc1
gen2	9	CO/C=N/c1ccc(F)cc1	COC=Nc1ccc(F)cc1
gen2-torsion	24	CO/N=C/C(C#N)=C\c1ccc(F)cc1	CON=CC(C#N)=Cc1ccc(F)cc1
gen2-torsion	13	CO/N=C/C(C#N)=C\c1ccc(F)cc1	CON=CC(C#N)=Cc1ccc(F)cc1
gen2-torsion	24	CO/N=C\C(C#N)=C\c1ccc(Cl)cc1	CON=CC(C#N)=Cc1ccc(Cl)cc1
gen2-torsion	24	CO/N=C\C(C#N)=C\c1ccc(Cl)cc1	CON=CC(C#N)=Cc1ccc(Cl)cc1
gen2-torsion	11	CO/N=C\C(C#N)=C\c1ccc(Cl)cc1	CON=CC(C#N)=Cc1ccc(Cl)cc1
gen2-torsion	48	COC(=O)C1(F)CC1	COC(=O)C1(F)CC1
gen2-torsion	24	COC(=O)C1(F)CC1	COC(=O)C1(F)CC1
gen2-torsion	24	COC(=O)CC(C)(F)F	COC(=O)CC(C)(F)F
gen2-torsion	24	COC(=O)CC(C)(F)F	COC(=O)CC(C)(F)F
gen2-torsion	24	COC(=O)CC(C)(F)F	COC(=O)CC(C)(F)F
gen2-torsion	48	COC(=O)CC1(N)CC1	COC(=O)CC1(N)CC1
gen2-torsion	24	COC(=O)CC1(N)CC1	COC(=O)CC1(N)CC1
gen2-torsion	24	COC(=O)Cc1cs/c(=N/S(C)(=O)=O)[nH]1	COC(=O)Cc1csc(=NS(C)(=O)=O)[nH]1
gen2-torsion	24	COC(=O)Cc1cs/c(=N/S(C)(=O)=O)[nH]1	COC(=O)Cc1csc(=NS(C)(=O)=O)[nH]1
gen2-torsion	24	COC(=O)Cc1cs/c(=N/S(C)(=O)=O)[nH]1	COC(=O)Cc1csc(=NS(C)(=O)=O)[nH]1
gen2	936	COC(=O)Cc1cs/c(=N/S(C)(=O)=O)[nH]1	COC(=O)Cc1csc(=NS(C)(=O)=O)[nH]1
gen2-torsion	9	COC(=O)Cc1cs/c(=N/S(C)(=O)=O)[nH]1	COC(=O)Cc1csc(=NS(C)(=O)=O)[nH]1
gen2-torsion	24	COC(=O)Cc1cs/c(=N/S(C)(=O)=O)[nH]1	COC(=O)Cc1csc(=NS(C)(=O)=O)[nH]1
gen2-torsion	48	COC(=O)Cc1cs/c(=N\S(C)(=O)=O)[nH]1	COC(=O)Cc1csc(=NS(C)(=O)=O)[nH]1
gen2-torsion	13	COC(=O)Cc1cs/c(=N\S(C)(=O)=O)[nH]1	COC(=O)Cc1csc(=NS(C)(=O)=O)[nH]1
gen2-torsion	48	COC(=O)Cc1cs/c(=N\S(C)(=O)=O)[nH]1	COC(=O)Cc1csc(=NS(C)(=O)=O)[nH]1
gen2-torsion	24	COC(=O)Cc1cs/c(=N\S(C)(=O)=O)[nH]1	COC(=O)Cc1csc(=NS(C)(=O)=O)[nH]1
gen2	50	COC(=O)c1c(C)cccc1O	COC(=O)c1c(C)cccc1O
gen2-torsion	24	COC(=O)c1c(C)cccc1O	COC(=O)c1c(C)cccc1O
gen2-torsion	24	COC(=O)c1cccc2c1OC(F)(F)O2	COC(=O)c1cccc2c1OC(F)(F)O2
gen2	43	COC(=O)c1cccc2c1OC(F)(F)O2	COC(=O)c1cccc2c1OC(F)(F)O2
gen2	379	COC(=O)c1ccccc1Nc1ccccc1	COC(=O)c1ccccc1Nc1ccccc1
gen2-torsion	48	COC(=O)c1ccccc1Nc1ccccc1	COC(=O)c1ccccc1Nc1ccccc1
gen2	79	COC(=O)c1nn(C)nc1Br	COC(=O)c1nn(C)nc1Br
gen2-torsion	24	COC(=O)c1nn(C)nc1Br	COC(=O)c1nn(C)nc1Br
gen2-torsion	24	COC(CN(C)C)OC	COC(CN(C)C)OC
gen2-torsion	48	COC(CN(C)C)OC	COC(CN(C)C)OC
gen2-torsion	48	COC(O)OC	COC(O)OC
gen2-torsion	48	COC(O)OC	COC(O)OC
gen2-torsion	24	COC[C@H](C)NC(C)=O	COCC(C)NC(C)=O
gen2-torsion	24	COC[C@H](C)NC(C)=O	COCC(C)NC(C)=O
gen2-torsion	24	COC[C@H](O)CN(C)C	COCC(O)CN(C)C
gen2-torsion	48	COC[C@H](O)CN(C)C	COCC(O)CN(C)C
gen2-torsion	24	COC[C@H](O)CN(C)C	COCC(O)CN(C)C
gen2-torsion	48	COC[C@H](O)CN(C)C	COCC(O)CN(C)C
gen2-torsion	24	COCn1cnc(-c2ccc(OC)cc2)c1-c1ccc(OC)cc1	COCn1cnc(-c2ccc(OC)cc2)c1-c1ccc(OC)cc1
gen2-torsion	24	COCn1cnc(-c2ccc(OC)cc2)c1-c1ccc(OC)cc1	COCn1cnc(-c2ccc(OC)cc2)c1-c1ccc(OC)cc1
gen2-torsion	48	COCn1cnc(-c2ccc(OC)cc2)c1-c1ccc(OC)cc1	COCn1cnc(-c2ccc(OC)cc2)c1-c1ccc(OC)cc1
gen2-torsion	48	CON(C)C(=O)[C@H](C)NC(C)=O	CON(C)C(=O)C(C)NC(C)=O
gen2	684	CON(C)C(=O)[C@H](C)NC(C)=O	CON(C)C(=O)C(C)NC(C)=O
gen2	249	COP(=O)(NC(=O)C(Cl)(Cl)Cl)OC	COP(=O)(NC(=O)C(Cl)(Cl)Cl)OC
gen2-torsion	24	COP(=O)(NC(=O)C(Cl)(Cl)Cl)OC	COP(=O)(NC(=O)C(Cl)(Cl)Cl)OC
gen2-torsion	24	COP(=O)(NC(=O)C(Cl)(Cl)Cl)OC	COP(=O)(NC(=O)C(Cl)(Cl)Cl)OC
gen2-torsion	48	COP(=O)(NC(=O)C(Cl)(Cl)Cl)OC	COP(=O)(NC(=O)C(Cl)(Cl)Cl)OC
gen2-torsion	24	CO[P@@](=O)(NC(C)=O)SC	COP(=O)(NC(C)=O)SC
gen2	473	CO[P@@](=O)(NC(C)=O)SC	COP(=O)(NC(C)=O)SC
gen2-torsion	24	CO[P@@](=O)(NC(C)=O)SC	COP(=O)(NC(C)=O)SC
gen2-torsion	48	CO[P@@](=O)(NC(C)=O)SC	COP(=O)(NC(C)=O)SC
gen2-torsion	48	CO[P@@](=O)(NC(C)=O)SC	COP(=O)(NC(C)=O)SC
gen2-torsion	24	CO[P@@](=O)(NC(C)=O)SC	COP(=O)(NC(C)=O)SC
gen2	78	COc1c(C(C)C)cccc1C(C)(C)O	COc1c(C(C)C)cccc1C(C)(C)O
gen2-torsion	24	COc1c(C(C)C)cccc1C(C)(C)O	COc1c(C(C)C)cccc1C(C)(C)O
gen2	285	COc1c(Cl)cc(O)cc1C(=O)C1CCCCC1	COc1c(Cl)cc(O)cc1C(=O)C1CCCCC1
gen2-torsion	24	COc1c(Cl)cc(O)cc1C(=O)C1CCCCC1	COc1c(Cl)cc(O)cc1C(=O)C1CCCCC1
gen2-torsion	24	COc1cc(F)c(O)cc1I	COc1cc(F)c(O)cc1I
gen2-torsion	24	COc1cc(F)c(O)cc1I	COc1cc(F)c(O)cc1I
gen2-torsion	24	COc1cc2c(cc1OS(N)(=O)=O)CC[C@@H]1[C@@H]2CC[C@@]2(C)CCCC[C@H]12	COc1cc2c(cc1OS(N)(=O)=O)CCC1C2CCC2(C)CCCCC12
gen2-torsion	24	COc1cc2c(cc1OS(N)(=O)=O)CC[C@@H]1[C@@H]2CC[C@@]2(C)CCCC[C@H]12	COc1cc2c(cc1OS(N)(=O)=O)CCC1C2CCC2(C)CCCCC12
gen2-torsion	12	COc1cc2c(cc1OS(N)(=O)=O)CC[C@@H]1[C@@H]2CC[C@@]2(C)CCCC[C@H]12	COc1cc2c(cc1OS(N)(=O)=O)CCC1C2CCC2(C)CCCCC12
gen2-torsion	48	COc1ccc(-c2ccc3ccccc3[o+]2)cc1OC	COc1ccc(-c2ccc3ccccc3[o+]2)cc1OC
gen2-torsion	13	COc1ccc(-c2ccc3ccccc3[o+]2)cc1OC	COc1ccc(-c2ccc3ccccc3[o+]2)cc1OC
gen2	201	COc1ccc(-c2ccc3ccccc3[o+]2)cc1OC	COc1ccc(-c2ccc3ccccc3[o+]2)cc1OC
gen2	279	COc1ccc([C@](C)(O)CN)cc1OC1CCCC1	COc1ccc(C(C)(O)CN)cc1OC1CCCC1
gen2-torsion	24	COc1ccc([C@](C)(O)CN)cc1OC1CCCC1	COc1ccc(C(C)(O)CN)cc1OC1CCCC1
gen2-torsion	24	COc1ccc2c(c1)CCCC(c1ccc(S(C)(=O)=O)cc1)=C2CCCCCO	COc1ccc2c(c1)CCCC(c1ccc(S(C)(=O)=O)cc1)=C2CCCCCO
gen2	268	COc1ccc2c(c1)CCCC(c1ccc(S(C)(=O)=O)cc1)=C2CCCCCO	COc1ccc2c(c1)CCCC(c1ccc(S(C)(=O)=O)cc1)=C2CCCCCO
gen2-torsion	48	COc1ncccc1C	COc1ncccc1C
gen2	14	COc1ncccc1C	COc1ncccc1C
gen2-torsion	24	CS(=O)(=O)Cc1ccccc1	CS(=O)(=O)Cc1ccccc1
gen2	87	CS(=O)(=O)Cc1ccccc1	CS(=O)(=O)Cc1ccccc1
gen2-torsion	24	CS(=O)(=O)Cc1ccccc1	CS(=O)(=O)Cc1ccccc1
gen2-torsion	24	CS(=O)(=O)Nc1ccccc1	CS(=O)(=O)Nc1ccccc1
gen2-torsion	24	CS(=O)(=O)Nc1ccccc1	CS(=O)(=O)Nc1ccccc1
gen2-torsion	24	CS(=O)(=O)c1ccc(C(=O)C2C(=O)CCCC2=O)c(Cl)c1COC1CCCCC1	CS(=O)(=O)c1ccc(C(=O)C2C(=O)CCCC2=O)c(Cl)c1COC1CCCCC1
gen2	331	CS(=O)(=O)c1ccc(C(=O)C2C(=O)CCCC2=O)c(Cl)c1COC1CCCCC1	CS(=O)(=O)c1ccc(C(=O)C2C(=O)CCCC2=O)c(Cl)c1COC1CCCCC1
gen2-torsion	24	CS(=O)(=O)c1ccccc1	CS(=O)(=O)c1ccccc1
gen2	8	CS(=O)(=O)c1ccccc1	CS(=O)(=O)c1ccccc1
gen2-torsion	24	CSC(=S)NN	CSC(=S)NN
gen2-torsion	48	CSC(=S)NN	CSC(=S)NN
gen2-torsion	24	CSCC(=O)N1CC[C@]2(CCCN(C)C2=O)C1	CSCC(=O)N1CCC2(CCCN(C)C2=O)C1
gen2-torsion	24	CSCC(=O)N1CC[C@]2(CCCN(C)C2=O)C1	CSCC(=O)N1CCC2(CCCN(C)C2=O)C1
gen2-torsion	18	C[C@@H](NC#N)c1nc(=O)[nH][nH]1	CC(NC#N)c1nc(=O)[nH][nH]1
gen2-torsion	24	C[C@@H](NC#N)c1nc(=O)[nH][nH]1	CC(NC#N)c1nc(=O)[nH][nH]1
gen2-torsion	24	C[C@@H](NC#N)c1nc(=O)[nH][nH]1	CC(NC#N)c1nc(=O)[nH][nH]1
gen2-torsion	24	C[C@@H](NC1=NCCO1)c1ccccc1	CC(NC1=NCCO1)c1ccccc1
gen2-torsion	24	C[C@@H](NC1=NCCO1)c1ccccc1	CC(NC1=NCCO1)c1ccccc1
gen2-torsion	48	C[C@@H](O)CO	CC(O)CO
gen2-torsion	24	C[C@@H](O)CO	CC(O)CO
gen2-torsion	24	C[C@@H]1CN(C(=O)Cn2nccn2)CC[C@@]1(C)O	CC1CN(C(=O)Cn2nccn2)CCC1(C)O
gen2	1259	C[C@@H]1CN(C(=O)Cn2nccn2)CC[C@@]1(C)O	CC1CN(C(=O)Cn2nccn2)CCC1(C)O
gen2	51	C[C@@H]1CN(c2nccnc2N(C)C)C[C@@]1(C)O	CC1CN(c2nccnc2N(C)C)CC1(C)O
gen2-torsion	24	C[C@@H]1CN(c2nccnc2N(C)C)C[C@@]1(C)O	CC1CN(c2nccnc2N(C)C)CC1(C)O
gen2-torsion	24	C[C@@H]1O/C(=N\c2cc(O)c(Cl)cc2F)N2CCCC[C@@H]12	CC1OC(=Nc2cc(O)c(Cl)cc2F)N2CCCCC12
gen2-torsion	24	C[C@@H]1O/C(=N\c2cc(O)c(Cl)cc2F)N2CCCC[C@@H]12	CC1OC(=Nc2cc(O)c(Cl)cc2F)N2CCCCC12
gen2-torsion	8	C[C@H](NC#N)c1nc(=O)[nH][nH]1	CC(NC#N)c1nc(=O)[nH][nH]1
gen2-torsion	48	C[C@H](NC#N)c1nc(=O)[nH][nH]1	CC(NC#N)c1nc(=O)[nH][nH]1
gen2	226	C[C@H](NC#N)c1nc(=O)[nH][nH]1	CC(NC#N)c1nc(=O)[nH][nH]1
gen2	131	C[C@H](Oc1ccccc1)c1ccccc1	CC(Oc1ccccc1)c1ccccc1
gen2-torsion	24	C[C@H](Oc1ccccc1)c1ccccc1	CC(Oc1ccccc1)c1ccccc1
gen2-torsion	48	C[C@H](c1ccccc1)S(C)(=O)=O	CC(c1ccccc1)S(C)(=O)=O
gen2-torsion	48	C[C@H](c1ccccc1)S(C)(=O)=O	CC(c1ccccc1)S(C)(=O)=O
gen2	89	C[C@H](c1ccccc1)S(C)(=O)=O	CC(c1ccccc1)S(C)(=O)=O
gen2-torsion	14	C[C@]1(c2nccs2)CC(=O)N1	CC1(c2nccs2)CC(=O)N1
gen2-torsion	48	C[C@]1(c2nccs2)CC(=O)N1	CC1(c2nccs2)CC(=O)N1
gen2-torsion	48	C[C@]1(c2nccs2)CC(=O)N1	CC1(c2nccs2)CC(=O)N1
gen2-torsion	26	C[C@]1(c2nccs2)CC(=O)N1	CC1(c2nccs2)CC(=O)N1
gen2-torsion	48	C[S@@](=N)(=O)NC1CC1	CS(=N)(=O)NC1CC1
gen2-torsion	48	C[S@@](=N)(=O)NC1CC1	CS(=N)(=O)NC1CC1
gen2	50	C[S@@](=N)(=O)NC1CC1	CS(=N)(=O)NC1CC1
gen2-torsion	24	C[n+]1ccc(C(N)=O)cc1	C[n+]1ccc(C(N)=O)cc1
gen2-torsion	18	C[n+]1ccc(C(N)=O)cc1	C[n+]1ccc(C(N)=O)cc1
gen2-torsion	24	C[n+]1ccn(S(=O)(=O)n2ccnc2)c1	C[n+]1ccn(S(=O)(=O)n2ccnc2)c1
gen2-torsion	24	C[n+]1ccn(S(=O)(=O)n2ccnc2)c1	C[n+]1ccn(S(=O)(=O)n2ccnc2)c1
gen2-torsion	24	Cc1c(CN2CCNC2=O)sc2c1c(=O)n(CC(C)(C)F)c(=O)n2CCC(F)(F)F	Cc1c(CN2CCNC2=O)sc2c1c(=O)n(CC(C)(C)F)c(=O)n2CCC(F)(F)F
gen2-torsion	48	Cc1c(CN2CCNC2=O)sc2c1c(=O)n(CC(C)(C)F)c(=O)n2CCC(F)(F)F	Cc1c(CN2CCNC2=O)sc2c1c(=O)n(CC(C)(C)F)c(=O)n2CCC(F)(F)F
gen2	1163	Cc1cc(C#N)c(N2CC[C@@]3(CCCN(CC4CC4)C3=O)C2)nc1C	Cc1cc(C#N)c(N2CCC3(CCCN(CC4CC4)C3=O)C2)nc1C
gen2-torsion	24	Cc1cc(C#N)c(N2CC[C@@]3(CCCN(CC4CC4)C3=O)C2)nc1C	Cc1cc(C#N)c(N2CCC3(CCCN(CC4CC4)C3=O)C2)nc1C
gen2-torsion	18	Cc1cc(C)c(C)c(/N=N\c2n(C)c3ccccc3[n+]2C)c1C	Cc1cc(C)c(C)c(N=Nc2n(C)c3ccccc3[n+]2C)c1C
gen2-torsion	14	Cc1cc(C)c(C)c(/N=N\c2n(C)c3ccccc3[n+]2C)c1C	Cc1cc(C)c(C)c(N=Nc2n(C)c3ccccc3[n+]2C)c1C
gen2-torsion	24	Cc1cc(C)c(C)c(/N=N\c2n(C)c3ccccc3[n+]2C)c1C	Cc1cc(C)c(C)c(N=Nc2n(C)c3ccccc3[n+]2C)c1C
gen2-torsion	24	Cc1cc(C2CC2)cc(C)c1CC(=O)O	Cc1cc(C2CC2)cc(C)c1CC(=O)O
gen2	111	Cc1cc(C2CC2)cc(C)c1CC(=O)O	Cc1cc(C2CC2)cc(C)c1CC(=O)O
gen2-torsion	24	Cc1cc(NC(=O)C(=O)O)cc(C)c1Cc1ccc(O)c(Cc2ccc(F)cc2)c1	Cc1cc(NC(=O)C(=O)O)cc(C)c1Cc1ccc(O)c(Cc2ccc(F)cc2)c1
gen2-torsion	24	Cc1cc(NC(=O)C(=O)O)cc(C)c1Cc1ccc(O)c(Cc2ccc(F)cc2)c1	Cc1cc(NC(=O)C(=O)O)cc(C)c1Cc1ccc(O)c(Cc2ccc(F)cc2)c1
gen2-torsion	24	Cc1cc(S(=O)(=O)c2cc(C)c(O)c(C)c2)cc(C)c1O	Cc1cc(S(=O)(=O)c2cc(C)c(O)c(C)c2)cc(C)c1O
gen2	35	Cc1cc(S(=O)(=O)c2cc(C)c(O)c(C)c2)cc(C)c1O	Cc1cc(S(=O)(=O)c2cc(C)c(O)c(C)c2)cc(C)c1O
gen2-torsion	24	Cc1ccc(O)c(S(=O)(=O)N2CCOc3c(C(=O)O)cccc32)c1	Cc1ccc(O)c(S(=O)(=O)N2CCOc3c(C(=O)O)cccc32)c1
gen2	1097	Cc1ccc(O)c(S(=O)(=O)N2CCOc3c(C(=O)O)cccc32)c1	Cc1ccc(O)c(S(=O)(=O)N2CCOc3c(C(=O)O)cccc32)c1
gen2-torsion	24	Cc1ccc(S(=O)(=O)/N=C2/NC(=O)CS2)cc1	Cc1ccc(S(=O)(=O)N=C2NC(=O)CS2)cc1
gen2	44	Cc1ccc(S(=O)(=O)/N=C2/NC(=O)CS2)cc1	Cc1ccc(S(=O)(=O)N=C2NC(=O)CS2)cc1
gen2-torsion	24	Cc1ccc(S(=O)(=O)/N=N\C2CCSCC2)cc1	Cc1ccc(S(=O)(=O)N=NC2CCSCC2)cc1
gen2-torsion	24	Cc1ccc(S(=O)(=O)/N=N\C2CCSCC2)cc1	Cc1ccc(S(=O)(=O)N=NC2CCSCC2)cc1
gen2-torsion	24	Cc1ccc(S(=O)(=O)/N=N\C2CCSCC2)cc1	Cc1ccc(S(=O)(=O)N=NC2CCSCC2)cc1
gen2-torsion	48	Cc1ccc(S(=O)(=O)Nc2nc3c(C)cccc3s2)cc1	Cc1ccc(S(=O)(=O)Nc2nc3c(C)cccc3s2)cc1
gen2	648	Cc1ccc(S(=O)(=O)Nc2nc3c(C)cccc3s2)cc1	Cc1ccc(S(=O)(=O)Nc2nc3c(C)cccc3s2)cc1
gen2	65	Cc1ccccc1-c1ccccc1-c1ccccc1	Cc1ccccc1-c1ccccc1-c1ccccc1
gen2-torsion	48	Cc1ccccc1-c1ccccc1-c1ccccc1	Cc1ccccc1-c1ccccc1-c1ccccc1
gen2-torsion	24	Cc1ccccc1-c1nnn[n-]1	Cc1ccccc1-c1nnn[n-]1
gen2-torsion	28	Cc1ccccc1-c1nnn[n-]1	Cc1ccccc1-c1nnn[n-]1
gen2-torsion	7	Cc1ccccc1-c1nnn[n-]1	Cc1ccccc1-c1nnn[n-]1
gen2-torsion	7	Cc1ccccc1-c1nnn[n-]1	Cc1ccccc1-c1nnn[n-]1
gen2	18	Cc1ccccc1-c1nnn[n-]1	Cc1ccccc1-c1nnn[n-]1
gen2	109	Cc1ccccc1COc1ccccc1	Cc1ccccc1COc1ccccc1
gen2-torsion	24	Cc1ccccc1COc1ccccc1	Cc1ccccc1COc1ccccc1
gen2	67	Cc1ccccc1S(=O)(=O)N(C)C	Cc1ccccc1S(=O)(=O)N(C)C
gen2-torsion	24	Cc1ccccc1S(=O)(=O)N(C)C	Cc1ccccc1S(=O)(=O)N(C)C
gen2	47	Cc1ccccc1S(=O)(=O)c1ccccc1C	Cc1ccccc1S(=O)(=O)c1ccccc1C
gen2-torsion	48	Cc1ccccc1S(=O)(=O)c1ccccc1C	Cc1ccccc1S(=O)(=O)c1ccccc1C
gen2-torsion	22	Cc1ccnnc1N1CCC[C@H]1C	Cc1ccnnc1N1CCCC1C
gen2	63	Cc1ccnnc1N1CCC[C@H]1C	Cc1ccnnc1N1CCCC1C
gen2	215	Cc1cnc(C2(C)CC2)c(CNC2CC2)c1	Cc1cnc(C2(C)CC2)c(CNC2CC2)c1
gen2-torsion	24	Cc1cnc(C2(C)CC2)c(CNC2CC2)c1	Cc1cnc(C2(C)CC2)c(CNC2CC2)c1
gen2-torsion	11	Cc1cncnc1Oc1ccccc1F	Cc1cncnc1Oc1ccccc1F
gen2-torsion	11	Cc1cncnc1Oc1ccccc1F	Cc1cncnc1Oc1ccccc1F
gen2-torsion	11	Cc1cncnc1Oc1ccccc1F	Cc1cncnc1Oc1ccccc1F
gen2	45	Cc1cnn(C)c1N1CCCCC1	Cc1cnn(C)c1N1CCCCC1
gen2-torsion	24	Cc1cnn(C)c1N1CCCCC1	Cc1cnn(C)c1N1CCCCC1
gen2-torsion	48	Cc1cnn(C)c1N1CCN(C)CC1	Cc1cnn(C)c1N1CCN(C)CC1
gen2	44	Cc1cnn(C)c1N1CCN(C)CC1	Cc1cnn(C)c1N1CCN(C)CC1
gen2-torsion	24	Cc1n[nH]c(-c2cccs2)c1CC(=O)O	Cc1n[nH]c(-c2cccs2)c1CC(=O)O
gen2-torsion	24	Cc1n[nH]c(-c2cccs2)c1CC(=O)O	Cc1n[nH]c(-c2cccs2)c1CC(=O)O
gen2-torsion	48	Cc1n[nH]c(CN)n1	Cc1n[nH]c(CN)n1
gen2	54	Cc1n[nH]c(CN)n1	Cc1n[nH]c(CN)n1
gen2	187	Cc1nn(C(=O)NC2CCCCC2)c(=O)n1NC(C)C	Cc1nn(C(=O)NC2CCCCC2)c(=O)n1NC(C)C
gen2-torsion	24	Cc1nn(C(=O)NC2CCCCC2)c(=O)n1NC(C)C	Cc1nn(C(=O)NC2CCCCC2)c(=O)n1NC(C)C
gen2-torsion	7	Cc1noc(-c2cccs2)c1CC(=O)O	Cc1noc(-c2cccs2)c1CC(=O)O
gen2-torsion	24	Cc1noc(-c2cccs2)c1CC(=O)O	Cc1noc(-c2cccs2)c1CC(=O)O
gen2-torsion	7	Cc1noc(-c2cccs2)c1CC(=O)O	Cc1noc(-c2cccs2)c1CC(=O)O
gen2	56	Cc1sc(Br)cc1C1CC1	Cc1sc(Br)cc1C1CC1
gen2-torsion	48	Cc1sc(Br)cc1C1CC1	Cc1sc(Br)cc1C1CC1
gen2-torsion	24	Cc1sc(Br)cc1C1CC1	Cc1sc(Br)cc1C1CC1
gen2-torsion	24	Cc1sc(CNC(C)C)cc1Br	Cc1sc(CNC(C)C)cc1Br
gen2	164	Cc1sc(CNC(C)C)cc1Br	Cc1sc(CNC(C)C)cc1Br
gen2-torsion	24	Clc1ccc(OSOc2ccc(-c3ccc(OSOc4ccc(Cl)cc4)cc3)cc2)cc1	Clc1ccc(OSOc2ccc(-c3ccc(OSOc4ccc(Cl)cc4)cc3)cc2)cc1
gen2-torsion	24	Clc1ccc(OSOc2ccc(-c3ccc(OSOc4ccc(Cl)cc4)cc3)cc2)cc1	Clc1ccc(OSOc2ccc(-c3ccc(OSOc4ccc(Cl)cc4)cc3)cc2)cc1
gen2	8333	Clc1ccc(OSOc2ccc(-c3ccc(OSOc4ccc(Cl)cc4)cc3)cc2)cc1	Clc1ccc(OSOc2ccc(-c3ccc(OSOc4ccc(Cl)cc4)cc3)cc2)cc1
gen2	57	FC(F)(Br)[C@@](F)(Cl)Br	FC(F)(Br)C(F)(Cl)Br
gen2-torsion	24	FC(F)(Br)[C@@](F)(Cl)Br	FC(F)(Br)C(F)(Cl)Br
gen2	49	FC(F)(F)Oc1ccc2nc(Br)sc2c1	FC(F)(F)Oc1ccc2nc(Br)sc2c1
gen2-torsion	24	FC(F)(F)Oc1ccc2nc(Br)sc2c1	FC(F)(F)Oc1ccc2nc(Br)sc2c1
gen2-torsion	48	FCCC[C@@H]1CO1	FCCCC1CO1
gen2-torsion	10	FCCC[C@@H]1CO1	FCCCC1CO1
gen2-torsion	48	FCCC[C@H]1CO1	FCCCC1CO1
gen2-torsion	48	FCCC[C@H]1CO1	FCCCC1CO1
gen2-torsion	24	FCCC[C@H]1CO1	FCCCC1CO1
gen2	455	Fc1ccc(Br)cc1OCC1OCCO1	Fc1ccc(Br)cc1OCC1OCCO1
gen2-torsion	48	Fc1ccc(Br)cc1OCC1OCCO1	Fc1ccc(Br)cc1OCC1OCCO1
gen2	354	Fc1ccc(F)c(OCC2OCCO2)c1	Fc1ccc(F)c(OCC2OCCO2)c1
gen2-torsion	24	Fc1ccc(F)c(OCC2OCCO2)c1	Fc1ccc(F)c(OCC2OCCO2)c1
gen2-torsion	24	N#CC(C#N)/N=N\c1ccc(I)cc1	N#CC(C#N)N=Nc1ccc(I)cc1
gen2-torsion	48	N#CC(C#N)/N=N\c1ccc(I)cc1	N#CC(C#N)N=Nc1ccc(I)cc1
gen2	41	N#CC1(c2ccc(Br)cn2)CC1	N#CC1(c2ccc(Br)cn2)CC1
gen2-torsion	48	N#CC1(c2ccc(Br)cn2)CC1	N#CC1(c2ccc(Br)cn2)CC1
gen2	42	N#CC1(c2ccc(Cl)cn2)CC1	N#CC1(c2ccc(Cl)cn2)CC1
gen2-torsion	24	N#CC1(c2ccc(Cl)cn2)CC1	N#CC1(c2ccc(Cl)cn2)CC1
gen2-torsion	48	N#CCN=[N+]=[N-]	N#CCN=[N+]=[N-]
gen2	20	N#CCN=[N+]=[N-]	N#CCN=[N+]=[N-]
gen2-torsion	24	N#CC[C@@H](N)c1ccc(F)cc1[N+](=O)[O-]	N#CCC(N)c1ccc(F)cc1[N+](=O)[O-]
gen2	200	N#CC[C@@H](N)c1ccc(F)cc1[N+](=O)[O-]	N#CCC(N)c1ccc(F)cc1[N+](=O)[O-]
gen2	11	N#CN/C=N\c1ccccc1	N#CNC=Nc1ccccc1
gen2-torsion	24	N#CN/C=N\c1ccccc1	N#CNC=Nc1ccccc1
gen2-torsion	24	N#Cc1cncn1CC(=O)C1(c2ccccc2)CC1	N#Cc1cncn1CC(=O)C1(c2ccccc2)CC1
gen2-torsion	24	N#Cc1cncn1CC(=O)C1(c2ccccc2)CC1	N#Cc1cncn1CC(=O)C1(c2ccccc2)CC1
gen2-torsion	48	N#[N+][C@H]1N=CN=C1C(N)=O	N#[N+]C1N=CN=C1C(N)=O
gen2-torsion	24	N#[N+][C@H]1N=CN=C1C(N)=O	N#[N+]C1N=CN=C1C(N)=O
gen2-torsion	24	N=P(c1ccccc1)(c1ccccc1)c1ccccc1	N=P(c1ccccc1)(c1ccccc1)c1ccccc1
gen2	174	N=P(c1ccccc1)(c1ccccc1)c1ccccc1	N=P(c1ccccc1)(c1ccccc1)c1ccccc1
gen2-torsion	24	NC1(c2ccc(-c3nc4nc(C5CC5)ccn4c3-c3ccccc3)cc2)CCC1	NC1(c2ccc(-c3nc4nc(C5CC5)ccn4c3-c3ccccc3)cc2)CCC1
gen2-torsion	48	NC1(c2ccc(-c3nc4nc(C5CC5)ccn4c3-c3ccccc3)cc2)CCC1	NC1(c2ccc(-c3nc4nc(C5CC5)ccn4c3-c3ccccc3)cc2)CCC1
gen2	97	NC1=NCC2(CCS(=O)(=O)CC2)O1	NC1=NCC2(CCS(=O)(=O)CC2)O1
gen2-torsion	13	NC1=NCC2(CCS(=O)(=O)CC2)O1	NC1=NCC2(CCS(=O)(=O)CC2)O1
gen2-torsion	24	NCC1(c2cnc(Br)cn2)CC1	NCC1(c2cnc(Br)cn2)CC1
gen2-torsion	48	NCC1(c2cnc(Br)cn2)CC1	NCC1(c2cnc(Br)cn2)CC1
gen2	89	NC[P@H](=O)O	NC[PH](=O)O
gen2-torsion	24	NC[P@H](=O)O	NC[PH](=O)O
gen2	66	NNCc1cnns1	NNCc1cnns1
gen2-torsion	48	NNCc1cnns1	NNCc1cnns1
gen2-torsion	14	NNCc1cnns1	NNCc1cnns1
gen2-torsion	24	NNCc1cnns1	NNCc1cnns1
gen2-torsion	48	NNCc1cnns1	NNCc1cnns1
gen2-torsion	24	NS(=O)(=O)c1ccccc1S(=O)(=O)NF	NS(=O)(=O)c1ccccc1S(=O)(=O)NF
gen2-torsion	24	NS(=O)(=O)c1ccccc1S(=O)(=O)NF	NS(=O)(=O)c1ccccc1S(=O)(=O)NF
gen2-torsion	24	NS(=O)(=O)c1cnccc1C1=NOCCO1	NS(=O)(=O)c1cnccc1C1=NOCCO1
gen2-torsion	24	NS(=O)(=O)c1cnccc1C1=NOCCO1	NS(=O)(=O)c1cnccc1C1=NOCCO1
gen2-torsion	24	N[C@@H](Cc1ccc(OCCF)cc1)C(=O)O	NC(Cc1ccc(OCCF)cc1)C(=O)O
gen2-torsion	24	N[C@@H](Cc1ccc(OCCF)cc1)C(=O)O	NC(Cc1ccc(OCCF)cc1)C(=O)O
gen2-torsion	11	N[C@@H](Cc1ccc(OCCF)cc1)C(=O)O	NC(Cc1ccc(OCCF)cc1)C(=O)O
gen2-torsion	24	N[C@@H](Cc1ccc(OCCF)cc1)C(=O)O	NC(Cc1ccc(OCCF)cc1)C(=O)O
gen2-torsion	24	N[C@@H](Cc1ccc(OCCF)cc1)C(=O)O	NC(Cc1ccc(OCCF)cc1)C(=O)O
gen2-torsion	24	N[C@@H](Cc1ccc(OCCF)cc1)C(=O)O	NC(Cc1ccc(OCCF)cc1)C(=O)O
gen2-torsion	24	N[C@H](c1ccc[nH]1)C(F)(F)F	NC(c1ccc[nH]1)C(F)(F)F
gen2	52	N[C@H](c1ccc[nH]1)C(F)(F)F	NC(c1ccc[nH]1)C(F)(F)F
gen2	64	N[C@H](c1ccc[nH]1)C(F)F	NC(c1ccc[nH]1)C(F)F
gen2-torsion	48	N[C@H](c1ccc[nH]1)C(F)F	NC(c1ccc[nH]1)C(F)F
gen2-torsion	24	Nc1cnn(COc2ccc(Cl)cc2Cl)c1	Nc1cnn(COc2ccc(Cl)cc2Cl)c1
gen2-torsion	48	Nc1cnn(COc2ccc(Cl)cc2Cl)c1	Nc1cnn(COc2ccc(Cl)cc2Cl)c1
gen2	725	O=C(CN1C[C@@H](O)CO1)NC1CC1	O=C(CN1CC(O)CO1)NC1CC1
gen2-torsion	24	O=C(CN1C[C@@H](O)CO1)NC1CC1	O=C(CN1CC(O)CO1)NC1CC1
gen2-torsion	48	O=C(CN1C[C@@H](O)CO1)NC1CC1	O=C(CN1CC(O)CO1)NC1CC1
gen2-torsion	24	O=C(CN1C[C@@H](O)CO1)NC1CC1	O=C(CN1CC(O)CO1)NC1CC1
gen2-torsion	24	O=C(CN1C[C@H](O)CO1)NC1CC1	O=C(CN1CC(O)CO1)NC1CC1
gen2-torsion	24	O=C(CN1C[C@H](O)CO1)NC1CC1	O=C(CN1CC(O)CO1)NC1CC1
gen2-torsion	24	O=C(CN1C[C@H](O)CO1)NC1CC1	O=C(CN1CC(O)CO1)NC1CC1
gen2-torsion	24	O=C(CN1C[C@H](O)CO1)NC1CC1	O=C(CN1CC(O)CO1)NC1CC1
gen2-torsion	26	O=C(CN1C[C@H](O)CO1)NC1CC1	O=C(CN1CC(O)CO1)NC1CC1
gen2-torsion	24	O=C(N1CCCCC1)C1(c2ccccc2Cl)CC1	O=C(N1CCCCC1)C1(c2ccccc2Cl)CC1
gen2	148	O=C(N1CCCCC1)C1(c2ccccc2Cl)CC1	O=C(N1CCCCC1)C1(c2ccccc2Cl)CC1
gen2-torsion	48	O=C(N1CCCc2ccccc21)C1(c2cccc(Cl)c2)CC1	O=C(N1CCCc2ccccc21)C1(c2cccc(Cl)c2)CC1
gen2-torsion	48	O=C(N1CCCc2ccccc21)C1(c2cccc(Cl)c2)CC1	O=C(N1CCCc2ccccc21)C1(c2cccc(Cl)c2)CC1
gen2	232	O=C(N[C@@H]1CN2CCC1CC2)c1cc2ccc(CC(=O)C3CC3)cc2o1	O=C(NC1CN2CCC1CC2)c1cc2ccc(CC(=O)C3CC3)cc2o1
gen2-torsion	24	O=C(N[C@@H]1CN2CCC1CC2)c1cc2ccc(CC(=O)C3CC3)cc2o1	O=C(NC1CN2CCC1CC2)c1cc2ccc(CC(=O)C3CC3)cc2o1
gen2-torsion	48	O=C(O)C1(F)CC1	O=C(O)C1(F)CC1
gen2-torsion	24	O=C(O)C1(F)CC1	O=C(O)C1(F)CC1
gen2-torsion	24	O=C(O)C1(N2CCN(C3CC3)CC2)CC1	O=C(O)C1(N2CCN(C3CC3)CC2)CC1
gen2-torsion	24	O=C(O)C1(N2CCN(C3CC3)CC2)CC1	O=C(O)C1(N2CCN(C3CC3)CC2)CC1
gen2-torsion	24	O=C(O)C1(N2CCN(C3CC3)CC2)CC1	O=C(O)C1(N2CCN(C3CC3)CC2)CC1
gen2	133	O=C(O)C1(c2ccc(F)cn2)CC1	O=C(O)C1(c2ccc(F)cn2)CC1
gen2-torsion	48	O=C(O)C1(c2ccc(F)cn2)CC1	O=C(O)C1(c2ccc(F)cn2)CC1
gen2-torsion	48	O=C(O)C1(c2ccon2)CC1	O=C(O)C1(c2ccon2)CC1
gen2-torsion	14	O=C(O)C1(c2ccon2)CC1	O=C(O)C1(c2ccon2)CC1
gen2-torsion	24	O=C(O)C1(c2ccon2)CC1	O=C(O)C1(c2ccon2)CC1
gen2-torsion	24	O=C(O)C1(c2ccon2)CC1	O=C(O)C1(c2ccon2)CC1
gen2-torsion	14	O=C(O)C1(c2ccon2)CC1	O=C(O)C1(c2ccon2)CC1
gen2-torsion	48	O=C(O)C1(c2ccon2)CC1	O=C(O)C1(c2ccon2)CC1
gen2	78	O=C(O)C1(c2ncc(Br)cn2)CC1	O=C(O)C1(c2ncc(Br)cn2)CC1
gen2-torsion	24	O=C(O)C1(c2ncc(Br)cn2)CC1	O=C(O)C1(c2ncc(Br)cn2)CC1
gen2-torsion	24	O=C(ON=C1C2CC3CC(C2)CC1C3)c1ccco1	O=C(ON=C1C2CC3CC(C2)CC1C3)c1ccco1
gen2-torsion	7	O=C(ON=C1C2CC3CC(C2)CC1C3)c1ccco1	O=C(ON=C1C2CC3CC(C2)CC1C3)c1ccco1
gen2-torsion	11	O=C(ON=C1C2CC3CC(C2)CC1C3)c1ccco1	O=C(ON=C1C2CC3CC(C2)CC1C3)c1ccco1
gen2-torsion	26	O=C(Oc1ccc2c(c1)OCO2)c1ccc(Cl)cc1F	O=C(Oc1ccc2c(c1)OCO2)c1ccc(Cl)cc1F
gen2	1240	O=C(Oc1ccc2c(c1)OCO2)c1ccc(Cl)cc1F	O=C(Oc1ccc2c(c1)OCO2)c1ccc(Cl)cc1F
gen2-torsion	24	O=C(Oc1ccc2c(c1)OCO2)c1ccc(Cl)cc1F	O=C(Oc1ccc2c(c1)OCO2)c1ccc(Cl)cc1F
gen2	718	O=C(c1cc(C2CC2)on1)N1CCc2[nH]c3ccccc3c2C1	O=C(c1cc(C2CC2)on1)N1CCc2[nH]c3ccccc3c2C1
gen2-torsion	24	O=C(c1cc(C2CC2)on1)N1CCc2[nH]c3ccccc3c2C1	O=C(c1cc(C2CC2)on1)N1CCc2[nH]c3ccccc3c2C1
gen2	109	O=C(c1cccc(Br)c1F)C1CC1	O=C(c1cccc(Br)c1F)C1CC1
gen2-torsion	24	O=C(c1cccc(Br)c1F)C1CC1	O=C(c1cccc(Br)c1F)C1CC1
gen2-torsion	24	O=C(c1ccccc1)N1CCCCC1	O=C(c1ccccc1)N1CCCCC1
gen2	48	O=C(c1ccccc1)N1CCCCC1	O=C(c1ccccc1)N1CCCCC1
gen2-torsion	11	O=C1C(c2ccccc2)=NOC12CCCCC2	O=C1C(c2ccccc2)=NOC12CCCCC2
gen2-torsion	24	O=C1C(c2ccccc2)=NOC12CCCCC2	O=C1C(c2ccccc2)=NOC12CCCCC2
gen2	58	O=C1C2=C(CCCC2)C(=O)N1c1ccccc1F	O=C1C2=C(CCCC2)C(=O)N1c1ccccc1F
gen2-torsion	9	O=C1C2=C(CCCC2)C(=O)N1c1ccccc1F	O=C1C2=C(CCCC2)C(=O)N1c1ccccc1F
gen2	47	O=C1CN=C(c2ccccc2)c2c(F)cccc2N1	O=C1CN=C(c2ccccc2)c2c(F)cccc2N1
gen2-torsion	24	O=C1CN=C(c2ccccc2)c2c(F)cccc2N1	O=C1CN=C(c2ccccc2)c2c(F)cccc2N1
gen2	51	O=C1CS/C(=N\S(=O)(=O)c2ccccc2)N1c1ccccc1	O=C1CSC(=NS(=O)(=O)c2ccccc2)N1c1ccccc1
gen2-torsion	48	O=C1CS/C(=N\S(=O)(=O)c2ccccc2)N1c1ccccc1	O=C1CSC(=NS(=O)(=O)c2ccccc2)N1c1ccccc1
gen2	746	O=C1N(C2CCOCC2)CCC[C@@]12CCN(Cc1nccs1)C2	O=C1N(C2CCOCC2)CCCC12CCN(Cc1nccs1)C2
gen2-torsion	24	O=C1N(C2CCOCC2)CCC[C@@]12CCN(Cc1nccs1)C2	O=C1N(C2CCOCC2)CCCC12CCN(Cc1nccs1)C2
gen2	916	O=C1NC2(CCCC2)C(=O)N1Cc1noc(C2CC2)n1	O=C1NC2(CCCC2)C(=O)N1Cc1noc(C2CC2)n1
gen2-torsion	48	O=C1NC2(CCCC2)C(=O)N1Cc1noc(C2CC2)n1	O=C1NC2(CCCC2)C(=O)N1Cc1noc(C2CC2)n1
gen2-torsion	24	O=C1N[C@H](c2ccc(F)cc2[N+](=O)[O-])CO1	O=C1NC(c2ccc(F)cc2[N+](=O)[O-])CO1
gen2	90	O=C1N[C@H](c2ccc(F)cc2[N+](=O)[O-])CO1	O=C1NC(c2ccc(F)cc2[N+](=O)[O-])CO1
gen2	52	O=C1N[C@H](c2ccc([N+](=O)[O-])o2)CO1	O=C1NC(c2ccc([N+](=O)[O-])o2)CO1
gen2-torsion	24	O=C1N[C@H](c2ccc([N+](=O)[O-])o2)CO1	O=C1NC(c2ccc([N+](=O)[O-])o2)CO1
spice-pubchem	50	O=C=Nc1ccc(F)c([N+](=O)[O-])c1	O=C=Nc1ccc(F)c([N+](=O)[O-])c1
gen2	48	O=C=Nc1ccc(F)c([N+](=O)[O-])c1	O=C=Nc1ccc(F)c([N+](=O)[O-])c1
gen2-torsion	24	O=CNCC1(c2ccc(-c3ccccc3)cc2)CCCCC1	O=CNCC1(c2ccc(-c3ccccc3)cc2)CCCCC1
gen2	330	O=CNCC1(c2ccc(-c3ccccc3)cc2)CCCCC1	O=CNCC1(c2ccc(-c3ccccc3)cc2)CCCCC1
gen2	8	O=P(Cl)(Cl)c1ccccc1	O=P(Cl)(Cl)c1ccccc1
gen2-torsion	48	O=P(Cl)(Cl)c1ccccc1	O=P(Cl)(Cl)c1ccccc1
gen2	482	O=S(=O)(/C=C\c1ccccc1)c1ccc(Cl)c(Cl)c1	O=S(=O)(C=Cc1ccccc1)c1ccc(Cl)c(Cl)c1
gen2-torsion	24	O=S(=O)(/C=C\c1ccccc1)c1ccc(Cl)c(Cl)c1	O=S(=O)(C=Cc1ccccc1)c1ccc(Cl)c(Cl)c1
gen2-torsion	15	O=S(=O)(/C=C\c1ccccc1)c1ccc(Cl)c(Cl)c1	O=S(=O)(C=Cc1ccccc1)c1ccc(Cl)c(Cl)c1
gen2-torsion	24	O=S(=O)(CCCC(F)(F)F)CC[C@H]1CCCN1	O=S(=O)(CCCC(F)(F)F)CCC1CCCN1
gen2	251	O=S(=O)(CCCC(F)(F)F)CC[C@H]1CCCN1	O=S(=O)(CCCC(F)(F)F)CCC1CCCN1
gen2-torsion	24	O=S(=O)(Cc1c(F)cccc1F)C(F)(F)F	O=S(=O)(Cc1c(F)cccc1F)C(F)(F)F
gen2-torsion	24	O=S(=O)(Cc1c(F)cccc1F)C(F)(F)F	O=S(=O)(Cc1c(F)cccc1F)C(F)(F)F
gen2	152	O=S(=O)(Cc1c(F)cccc1F)C(F)(F)F	O=S(=O)(Cc1c(F)cccc1F)C(F)(F)F
gen2-torsion	48	O=S(=O)(Cc1ccccc1)NO	O=S(=O)(Cc1ccccc1)NO
gen2-torsion	24	O=S(=O)(Cc1ccccc1)NO	O=S(=O)(Cc1ccccc1)NO
gen2-torsion	24	O=S(=O)(Nc1ccc2c(c1)OCO2)c1ccc(Cl)s1	O=S(=O)(Nc1ccc2c(c1)OCO2)c1ccc(Cl)s1
gen2	1097	O=S(=O)(Nc1ccc2c(c1)OCO2)c1ccc(Cl)s1	O=S(=O)(Nc1ccc2c(c1)OCO2)c1ccc(Cl)s1
gen2-torsion	11	O=S(=O)(Oc1ccccn1)c1ccc(F)cc1	O=S(=O)(Oc1ccccn1)c1ccc(F)cc1
gen2-torsion	48	O=S(=O)(Oc1ccccn1)c1ccc(F)cc1	O=S(=O)(Oc1ccccn1)c1ccc(F)cc1
gen2	211	O=S(=O)(Oc1ccccn1)c1ccc(F)cc1	O=S(=O)(Oc1ccccn1)c1ccc(F)cc1
gen2-torsion	24	O=S(=O)(c1ccccc1)N(F)S(=O)(=O)c1ccccc1	O=S(=O)(c1ccccc1)N(F)S(=O)(=O)c1ccccc1
gen2	409	O=S(=O)(c1ccccc1)N(F)S(=O)(=O)c1ccccc1	O=S(=O)(c1ccccc1)N(F)S(=O)(=O)c1ccccc1
gen2-torsion	48	O=S(=O)(c1ccccc1)N(F)S(=O)(=O)c1ccccc1	O=S(=O)(c1ccccc1)N(F)S(=O)(=O)c1ccccc1
gen2-torsion	24	O=S(=O)(c1ccccc1)N1CCCC1	O=S(=O)(c1ccccc1)N1CCCC1
gen2	129	O=S(=O)(c1ccccc1)N1CCCC1	O=S(=O)(c1ccccc1)N1CCCC1
gen2-torsion	24	O=[N+]([O-])c1cc(Br)ccc1CCO	O=[N+]([O-])c1cc(Br)ccc1CCO
gen2-torsion	24	O=[N+]([O-])c1cc(Br)ccc1CCO	O=[N+]([O-])c1cc(Br)ccc1CCO
gen2-torsion	11	O=[N+]([O-])c1ccc(S(=O)(=O)NCl)cc1	O=[N+]([O-])c1ccc(S(=O)(=O)NCl)cc1
gen2-torsion	48	O=[N+]([O-])c1ccc(S(=O)(=O)NCl)cc1	O=[N+]([O-])c1ccc(S(=O)(=O)NCl)cc1
gen2-torsion	48	O=[N+]([O-])c1ccc(S(=O)(=O)NCl)cc1	O=[N+]([O-])c1ccc(S(=O)(=O)NCl)cc1
gen2-torsion	48	O=[N+]([O-])c1ccccc1C1C=CNC=C1	O=[N+]([O-])c1ccccc1C1C=CNC=C1
gen2	106	O=[N+]([O-])c1ccccc1C1C=CNC=C1	O=[N+]([O-])c1ccccc1C1C=CNC=C1
gen2-torsion	22	O=[S@@](O)c1cc(Cl)ccn1	O=S(O)c1cc(Cl)ccn1
gen2-torsion	48	O=[S@@](O)c1cc(Cl)ccn1	O=S(O)c1cc(Cl)ccn1
gen2	139	O=c1[nH]cccc1CN1CC[NH2+]CC1	O=c1[nH]cccc1CN1CC[NH2+]CC1
gen2-torsion	48	O=c1[nH]cccc1CN1CC[NH2+]CC1	O=c1[nH]cccc1CN1CC[NH2+]CC1
gen2	14	O=c1ccccn1C1CC1	O=c1ccccn1C1CC1
gen2-torsion	24	O=c1ccccn1C1CC1	O=c1ccccn1C1CC1
gen2	53	OCC1(O)CC1	OCC1(O)CC1
gen2-torsion	48	OCC1(O)CC1	OCC1(O)CC1
gen2-torsion	48	OCC1(O)CC1	OCC1(O)CC1
gen2-torsion	24	OCC1(O)COC1	OCC1(O)COC1
gen2	22	OCC1(O)COC1	OCC1(O)COC1
gen2-torsion	24	OCC1(c2ccc(Br)cn2)CC1	OCC1(c2ccc(Br)cn2)CC1
gen2-torsion	24	OCC1(c2ccc(Br)cn2)CC1	OCC1(c2ccc(Br)cn2)CC1
gen2-torsion	24	OCC1(c2ncc(Br)cn2)CC1	OCC1(c2ncc(Br)cn2)CC1
gen2	50	OCC1(c2ncc(Br)cn2)CC1	OCC1(c2ncc(Br)cn2)CC1
spice-des-monomers	50	OCCO	OCCO
gen2-torsion	48	OCCO	OCCO
gen2-torsion	48	OCCO	OCCO
gen2-torsion	24	OCc1cn(Cc2cccc(Cl)c2)c2ccccc12	OCc1cn(Cc2cccc(Cl)c2)c2ccccc12
gen2-torsion	9	OCc1cn(Cc2cccc(Cl)c2)c2ccccc12	OCc1cn(Cc2cccc(Cl)c2)c2ccccc12
gen2-torsion	24	O[C@H]1CCCC[C@@H]1Cc1ncc[nH]1	OC1CCCCC1Cc1ncc[nH]1
gen2-torsion	24	O[C@H]1CCCC[C@@H]1Cc1ncc[nH]1	OC1CCCCC1Cc1ncc[nH]1
gen2	464	Oc1cc(CN2CC(N3CCOCC3)C2)nc2ccc(F)cc12	Oc1cc(CN2CC(N3CCOCC3)C2)nc2ccc(F)cc12
gen2-torsion	24	Oc1cc(CN2CC(N3CCOCC3)C2)nc2ccc(F)cc12	Oc1cc(CN2CC(N3CCOCC3)C2)nc2ccc(F)cc12
gen2	29	Oc1ccc([C@H]2CCN2)cc1O	Oc1ccc(C2CCN2)cc1O
gen2-torsion	24	Oc1ccc([C@H]2CCN2)cc1O	Oc1ccc(C2CCN2)cc1O
gen2-torsion	24	Oc1ccccc1-c1cscn1	Oc1ccccc1-c1cscn1
gen2-torsion	24	Oc1ccccc1-c1cscn1	Oc1ccccc1-c1cscn1
gen2-torsion	7	Oc1ccccc1-c1cscn1	Oc1ccccc1-c1cscn1
gen2-torsion	48	Oc1ncnc(C2CC2)c1Br	Oc1ncnc(C2CC2)c1Br
gen2-torsion	11	Oc1ncnc(C2CC2)c1Br	Oc1ncnc(C2CC2)c1Br
gen2-torsion	24	[O-]/[N+](=N\c1ccccc1C1CC1)c1ccccc1	[O-][N+](=Nc1ccccc1C1CC1)c1ccccc1
gen2-torsion	48	[O-]/[N+](=N\c1ccccc1C1CC1)c1ccccc1	[O-][N+](=Nc1ccccc1C1CC1)c1ccccc1
gen2-torsion	11	c1ccc(-c2ccccc2-c2ncc[nH]2)cc1	c1ccc(-c2ccccc2-c2ncc[nH]2)cc1
gen2	60	c1ccc(-c2ccccc2-c2ncc[nH]2)cc1	c1ccc(-c2ccccc2-c2ncc[nH]2)cc1
gen2	113	c1ccc(-c2ccccc2-c2ncco2)nc1	c1ccc(-c2ccccc2-c2ncco2)nc1
gen2-torsion	10	c1ccc(-c2ccccc2-c2ncco2)nc1	c1ccc(-c2ccccc2-c2ncco2)nc1
gen2-torsion	7	c1ccc(-c2nnn[n-]2)cc1	c1ccc(-c2nnn[n-]2)cc1
gen2-torsion	7	c1ccc(-c2nnn[n-]2)cc1	c1ccc(-c2nnn[n-]2)cc1
gen2-torsion	14	c1ccc(-c2nnn[n-]2)nc1	c1ccc(-c2nnn[n-]2)nc1
gen2	11	c1ccc(-c2nnn[n-]2)nc1	c1ccc(-c2nnn[n-]2)nc1
gen2-torsion	24	c1ccc(C2CC2)nc1	c1ccc(C2CC2)nc1
gen2	25	c1ccc(C2CC2)nc1	c1ccc(C2CC2)nc1
gen2-torsion	48	c1ccc(NC2(c3ccccc3)CC2)cc1	c1ccc(NC2(c3ccccc3)CC2)cc1
gen2	126	c1ccc(NC2(c3ccccc3)CC2)cc1	c1ccc(NC2(c3ccccc3)CC2)cc1
gen2-torsion	48	c1ccc(N[C@@H]2CCOc3ccccc32)nc1	c1ccc(NC2CCOc3ccccc32)nc1
gen2-torsion	22	c1ccc(N[C@@H]2CCOc3ccccc32)nc1	c1ccc(NC2CCOc3ccccc32)nc1
gen2	248	c1ccc(N[C@@H]2CCOc3ccccc32)nc1	c1ccc(NC2CCOc3ccccc32)nc1
gen2-torsion	17	c1ccc(N[C@@H]2CCOc3ccccc32)nc1	c1ccc(NC2CCOc3ccccc32)nc1
gen2-torsion	11	c1ccc(Nc2ncco2)cc1	c1ccc(Nc2ncco2)cc1
gen2	34	c1ccc(Nc2ncco2)cc1	c1ccc(Nc2ncco2)cc1
gen2	58	c1ccc(OC2CCCCC2)nc1	c1ccc(OC2CCCCC2)nc1
gen2-torsion	24	c1ccc(OC2CCCCC2)nc1	c1ccc(OC2CCCCC2)nc1
gen2	9	c1cnc(-c2ncco2)nc1	c1cnc(-c2ncco2)nc1
gen2-torsion	24	c1cnc(-c2ncco2)nc1	c1cnc(-c2ncco2)nc1
gen2-torsion	14	c1cnc(-c2ncco2)nc1	c1cnc(-c2ncco2)nc1
gen2-torsion	11	c1cnc(-c2ncco2)nc1	c1cnc(-c2ncco2)nc1
